method,leak_id,start_time,demo_start,leak_type,year,alarmed,detected,false_alarm_before_leak,alarm_time,alarm_delay_h,threshold,calib_center,calib_scale,missed,detection_delay_hours,leak_start_time,leak_end_time
CUSUM,p257,2018-01-08 13:30:00,2018-01-07 00:00:00,incipient,2018.0,True,True,False,2018-01-10 15:05:00,49.583333333333336,47.349125458799136,1.3365048062379528,0.7891520909799856,False,49.583333333333336,2018-01-08 13:30:00,2019-12-31 23:55:00
XBarFDM,p257,2018-01-08 13:30:00,2018-01-07 00:00:00,incipient,2018.0,True,True,False,2018-07-08 09:20:00,4339.833333333333,3.618328308938673,0.1929596993146967,0.8563421524059941,False,4339.833333333333,2018-01-08 13:30:00,2019-12-31 23:55:00
Hybrid,p257,2018-01-08 13:30:00,2018-01-07 00:00:00,incipient,2018.0,True,True,False,2018-01-10 15:05:00,49.583333333333336,,,,False,49.583333333333336,2018-01-08 13:30:00,2019-12-31 23:55:00
CUSUM,p461,2018-01-23 04:25:00,2018-01-22 00:00:00,incipient,2018.0,True,True,False,2018-02-02 18:20:00,253.91666666666666,40.69581402384228,1.2775364877257869,0.678263567064038,False,253.91666666666666,2018-01-23 04:25:00,2018-04-02 11:40:00
XBarFDM,p461,2018-01-23 04:25:00,2018-01-22 00:00:00,incipient,2018.0,True,True,False,2018-02-03 19:45:00,279.3333333333333,2.2683390014840987,0.013227163151366435,0.5637779595831831,False,279.3333333333333,2018-01-23 04:25:00,2018-04-02 11:40:00
Hybrid,p461,2018-01-23 04:25:00,2018-01-22 00:00:00,incipient,2018.0,True,True,False,2018-02-02 18:20:00,253.91666666666666,,,,False,253.91666666666666,2018-01-23 04:25:00,2018-04-02 11:40:00
CUSUM,p232,2018-01-31 02:35:00,2018-01-30 00:00:00,incipient,2018.0,True,True,False,2018-02-02 17:40:00,63.083333333333336,39.19146580887625,1.1208960864998012,0.6531910968146042,False,63.083333333333336,2018-01-31 02:35:00,2018-02-10 09:20:00
XBarFDM,p232,2018-01-31 02:35:00,2018-01-30 00:00:00,incipient,2018.0,True,True,False,2018-02-03 19:35:00,89.0,2.1828627867180153,-0.015057782931515528,0.5494801424123827,False,89.0,2018-01-31 02:35:00,2018-02-10 09:20:00
Hybrid,p232,2018-01-31 02:35:00,2018-01-30 00:00:00,incipient,2018.0,True,True,False,2018-02-02 17:40:00,63.083333333333336,,,,False,63.083333333333336,2018-01-31 02:35:00,2018-02-10 09:20:00
CUSUM,p427,2018-02-13 08:25:00,2018-02-12 00:00:00,incipient,2018.0,True,True,False,2018-03-05 14:40:00,486.25,38.45270821732218,1.3421191710497262,0.640878470288703,False,486.25,2018-02-13 08:25:00,2019-12-31 23:55:00
XBarFDM,p427,2018-02-13 08:25:00,2018-02-12 00:00:00,incipient,2018.0,True,True,False,2018-03-06 16:55:00,512.5,2.139395974751662,0.02165493261037096,0.5294352605353227,False,512.5,2018-02-13 08:25:00,2019-12-31 23:55:00
Hybrid,p427,2018-02-13 08:25:00,2018-02-12 00:00:00,incipient,2018.0,True,True,False,2018-03-05 14:40:00,486.25,,,,False,486.25,2018-02-13 08:25:00,2019-12-31 23:55:00
CUSUM,p673,2018-03-05 15:45:00,2018-03-04 00:00:00,abrupt,2018.0,True,True,False,2018-03-05 16:20:00,0.5833333333333334,49.09932674822441,1.108492886132481,0.8183221124704068,False,0.5833333333333334,2018-03-05 15:45:00,2018-03-23 10:25:00
XBarFDM,p673,2018-03-05 15:45:00,2018-03-04 00:00:00,abrupt,2018.0,False,False,False,,,3.21263405707154,0.016524264760483045,0.7990274480777643,True,,2018-03-05 15:45:00,2018-03-23 10:25:00
Hybrid,p673,2018-03-05 15:45:00,2018-03-04 00:00:00,abrupt,2018.0,True,True,False,2018-03-05 16:20:00,0.5833333333333334,,,,False,0.5833333333333334,2018-03-05 15:45:00,2018-03-23 10:25:00
CUSUM,p810,2018-07-28 03:05:00,2018-07-27 00:00:00,incipient,2018.0,True,True,False,2018-07-28 20:55:00,17.833333333333332,31.80141714356148,1.8608531205815366,0.530023619059358,False,17.833333333333332,2018-07-28 03:05:00,2019-12-31 23:55:00
XBarFDM,p810,2018-07-28 03:05:00,2018-07-27 00:00:00,incipient,2018.0,True,True,False,2018-10-06 19:00:00,1695.9166666666667,1.8416988224800248,-0.12383175996016467,0.49138264561004735,False,1695.9166666666667,2018-07-28 03:05:00,2019-12-31 23:55:00
Hybrid,p810,2018-07-28 03:05:00,2018-07-27 00:00:00,incipient,2018.0,True,True,False,2018-07-28 20:55:00,17.833333333333332,,,,False,17.833333333333332,2018-07-28 03:05:00,2019-12-31 23:55:00
CUSUM,p628,2018-05-02 14:55:00,2018-05-01 00:00:00,incipient,2018.0,True,True,False,2018-05-10 14:30:00,191.58333333333334,51.78109161239088,1.3936564792401824,0.863018193539848,False,191.58333333333334,2018-05-02 14:55:00,2018-05-29 21:20:00
XBarFDM,p628,2018-05-02 14:55:00,2018-05-01 00:00:00,incipient,2018.0,True,True,False,2018-05-18 17:40:00,386.75,2.9627988657615583,-0.09097331286901862,0.7634430446576442,False,386.75,2018-05-02 14:55:00,2018-05-29 21:20:00
Hybrid,p628,2018-05-02 14:55:00,2018-05-01 00:00:00,incipient,2018.0,True,True,False,2018-05-10 14:30:00,191.58333333333334,,,,False,191.58333333333334,2018-05-02 14:55:00,2018-05-29 21:20:00
CUSUM,p538,2018-05-18 08:35:00,2018-05-17 00:00:00,abrupt,2018.0,True,True,False,2018-05-21 15:35:00,79.0,67.33032110053621,1.8811422668962707,1.12217201834227,False,79.0,2018-05-18 08:35:00,2018-06-02 06:05:00
XBarFDM,p538,2018-05-18 08:35:00,2018-05-17 00:00:00,abrupt,2018.0,False,False,False,,,3.923286039904625,-0.22608393322699294,1.0373424932829045,True,,2018-05-18 08:35:00,2018-06-02 06:05:00
Hybrid,p538,2018-05-18 08:35:00,2018-05-17 00:00:00,abrupt,2018.0,True,True,False,2018-05-21 15:35:00,79.0,,,,False,79.0,2018-05-18 08:35:00,2018-06-02 06:05:00
CUSUM,p866,2018-06-01 09:05:00,2018-05-31 00:00:00,abrupt,2018.0,False,False,False,,,62.52252279493401,1.7812963026490007,1.0420420465822335,True,,2018-06-01 09:05:00,2018-06-12 03:00:00
XBarFDM,p866,2018-06-01 09:05:00,2018-05-31 00:00:00,abrupt,2018.0,False,False,False,,,3.7224219732138266,-0.19377277367403464,0.9790486867219653,True,,2018-06-01 09:05:00,2018-06-12 03:00:00
Hybrid,p866,2018-06-01 09:05:00,2018-05-31 00:00:00,abrupt,2018.0,False,False,False,,,,,,True,,2018-06-01 09:05:00,2018-06-12 03:00:00
CUSUM,p31,2018-06-28 10:35:00,2018-06-27 00:00:00,incipient,2018.0,True,True,False,2018-07-16 03:50:00,425.25,53.41624747371794,1.7113729074235602,0.8902707912286323,False,425.25,2018-06-28 10:35:00,2018-08-12 17:30:00
XBarFDM,p31,2018-06-28 10:35:00,2018-06-27 00:00:00,incipient,2018.0,False,False,False,,,2.402349098545788,-0.10871570303328729,0.6277662003947688,True,,2018-06-28 10:35:00,2018-08-12 17:30:00
Hybrid,p31,2018-06-28 10:35:00,2018-06-27 00:00:00,incipient,2018.0,True,True,False,2018-07-16 03:50:00,425.25,,,,False,425.25,2018-06-28 10:35:00,2018-08-12 17:30:00
CUSUM,p654,2018-07-05 03:40:00,2018-07-04 00:00:00,incipient,2018.0,True,True,False,2018-07-19 10:05:00,342.4166666666667,58.20337274249334,1.7793028196985858,0.970056212374889,False,342.4166666666667,2018-07-05 03:40:00,2019-12-31 23:55:00
XBarFDM,p654,2018-07-05 03:40:00,2018-07-04 00:00:00,incipient,2018.0,True,True,False,2018-11-03 19:45:00,2920.0833333333335,3.001631028459531,-0.13727546537376747,0.7847266234583246,False,2920.0833333333335,2018-07-05 03:40:00,2019-12-31 23:55:00
Hybrid,p654,2018-07-05 03:40:00,2018-07-04 00:00:00,incipient,2018.0,True,True,False,2018-07-19 10:05:00,342.4166666666667,,,,False,342.4166666666667,2018-07-05 03:40:00,2019-12-31 23:55:00
CUSUM,p183,2018-08-07 02:35:00,2018-08-06 00:00:00,abrupt,2018.0,True,True,False,2018-08-08 11:05:00,32.5,37.739656759231735,1.5268306133304972,0.6289942793205289,False,32.5,2018-08-07 02:35:00,2018-09-01 17:10:00
XBarFDM,p183,2018-08-07 02:35:00,2018-08-06 00:00:00,abrupt,2018.0,False,False,False,,,1.751503466633533,-0.20445629423986147,0.48898994021834863,True,,2018-08-07 02:35:00,2018-09-01 17:10:00
Hybrid,p183,2018-08-07 02:35:00,2018-08-06 00:00:00,abrupt,2018.0,True,True,False,2018-08-08 11:05:00,32.5,,,,False,32.5,2018-08-07 02:35:00,2018-09-01 17:10:00
CUSUM,p158,2018-10-06 02:35:00,2018-10-05 00:00:00,abrupt,2018.0,True,True,False,2018-10-06 20:10:00,17.583333333333332,57.377076624609856,1.3618511678077523,0.9562846104101642,False,17.583333333333332,2018-10-06 02:35:00,2018-10-23 13:35:00
XBarFDM,p158,2018-10-06 02:35:00,2018-10-05 00:00:00,abrupt,2018.0,False,False,False,,,3.4014968229455227,-0.01521424042451749,0.85417776584251,True,,2018-10-06 02:35:00,2018-10-23 13:35:00
Hybrid,p158,2018-10-06 02:35:00,2018-10-05 00:00:00,abrupt,2018.0,True,True,False,2018-10-06 20:10:00,17.583333333333332,,,,False,17.583333333333332,2018-10-06 02:35:00,2018-10-23 13:35:00
CUSUM,p369,2018-10-26 02:05:00,2018-10-25 00:00:00,abrupt,2018.0,True,True,False,2018-10-26 18:10:00,16.083333333333332,53.51263856823161,1.7968082388906548,0.8918773094705268,False,16.083333333333332,2018-10-26 02:05:00,2018-11-08 20:25:00
XBarFDM,p369,2018-10-26 02:05:00,2018-10-25 00:00:00,abrupt,2018.0,True,True,False,2018-10-28 17:40:00,63.583333333333336,2.6856889734339435,-0.11518304313994128,0.7002180041434712,False,63.583333333333336,2018-10-26 02:05:00,2018-11-08 20:25:00
Hybrid,p369,2018-10-26 02:05:00,2018-10-25 00:00:00,abrupt,2018.0,True,True,False,2018-10-26 18:10:00,16.083333333333332,,,,False,16.083333333333332,2018-10-26 02:05:00,2018-11-08 20:25:00
CUSUM,p523,2019-01-15 23:00:00,2019-01-14 00:00:00,abrupt,2019.0,True,True,False,2019-01-16 17:20:00,18.333333333333332,46.09429574155706,1.186109204777875,0.7682382623592844,False,18.333333333333332,2019-01-15 23:00:00,2019-02-01 09:50:00
XBarFDM,p523,2019-01-15 23:00:00,2019-01-14 00:00:00,abrupt,2019.0,False,False,False,,,3.0164189107964496,-0.008903554459433539,0.7563306163139708,True,,2019-01-15 23:00:00,2019-02-01 09:50:00
Hybrid,p523,2019-01-15 23:00:00,2019-01-14 00:00:00,abrupt,2019.0,True,True,False,2019-01-16 17:20:00,18.333333333333332,,,,False,18.333333333333332,2019-01-15 23:00:00,2019-02-01 09:50:00
CUSUM,p827,2019-01-24 18:30:00,2019-01-23 00:00:00,abrupt,2019.0,True,True,False,2019-01-25 16:20:00,21.833333333333332,49.24684376951199,1.1545942539472147,0.8207807294918665,False,21.833333333333332,2019-01-24 18:30:00,2019-02-07 09:05:00
XBarFDM,p827,2019-01-24 18:30:00,2019-01-23 00:00:00,abrupt,2019.0,False,False,False,,,3.0271750753229982,-0.05890833156235509,0.7715208517213383,True,,2019-01-24 18:30:00,2019-02-07 09:05:00
Hybrid,p827,2019-01-24 18:30:00,2019-01-23 00:00:00,abrupt,2019.0,True,True,False,2019-01-25 16:20:00,21.833333333333332,,,,False,21.833333333333332,2019-01-24 18:30:00,2019-02-07 09:05:00
CUSUM,p280,2019-02-10 13:05:00,2019-02-09 00:00:00,abrupt,2019.0,True,True,False,2019-02-15 22:35:00,129.5,46.75034424769492,1.5156527158117827,0.7791724041282486,False,129.5,2019-02-10 13:05:00,2019-12-31 23:55:00
XBarFDM,p280,2019-02-10 13:05:00,2019-02-09 00:00:00,abrupt,2019.0,True,True,False,2019-03-18 09:25:00,860.3333333333334,2.7911980387167508,-0.0811718820988034,0.7180924802038885,False,860.3333333333334,2019-02-10 13:05:00,2019-12-31 23:55:00
Hybrid,p280,2019-02-10 13:05:00,2019-02-09 00:00:00,abrupt,2019.0,True,True,False,2019-02-15 22:35:00,129.5,,,,False,129.5,2019-02-10 13:05:00,2019-12-31 23:55:00
CUSUM,p653,2019-03-03 13:10:00,2019-03-02 00:00:00,incipient,2019.0,True,True,False,2019-03-05 18:15:00,53.083333333333336,45.11473018847464,1.2258957588373522,0.7519121698079106,False,53.083333333333336,2019-03-03 13:10:00,2019-05-05 12:10:00
XBarFDM,p653,2019-03-03 13:10:00,2019-03-02 00:00:00,incipient,2019.0,True,True,False,2019-04-04 08:05:00,762.9166666666666,2.559879084995861,0.037508080949644286,0.6305927510115542,False,762.9166666666666,2019-03-03 13:10:00,2019-05-05 12:10:00
Hybrid,p653,2019-03-03 13:10:00,2019-03-02 00:00:00,incipient,2019.0,True,True,False,2019-03-05 18:15:00,53.083333333333336,,,,False,53.083333333333336,2019-03-03 13:10:00,2019-05-05 12:10:00
CUSUM,p710,2019-03-24 14:15:00,2019-03-23 00:00:00,abrupt,2019.0,True,True,False,2019-04-04 11:05:00,260.8333333333333,55.34987801943204,1.7771280921415582,0.922497966990534,False,260.8333333333333,2019-03-24 14:15:00,2019-12-31 23:55:00
XBarFDM,p710,2019-03-24 14:15:00,2019-03-23 00:00:00,abrupt,2019.0,True,True,False,2019-04-04 08:40:00,258.4166666666667,2.7234451038869167,-0.25005387807612417,0.7433747454907602,False,258.4166666666667,2019-03-24 14:15:00,2019-12-31 23:55:00
Hybrid,p710,2019-03-24 14:15:00,2019-03-23 00:00:00,abrupt,2019.0,True,True,False,2019-04-04 08:40:00,258.4166666666667,,,,False,258.4166666666667,2019-03-24 14:15:00,2019-12-31 23:55:00
CUSUM,p514,2019-04-02 20:40:00,2019-04-01 00:00:00,abrupt,2019.0,True,False,True,2019-04-02 02:30:00,-18.166666666666668,31.328317428094817,2.0747758148977247,0.5221386238015803,True,-18.166666666666668,2019-04-02 20:40:00,2019-05-23 14:55:00
XBarFDM,p514,2019-04-02 20:40:00,2019-04-01 00:00:00,abrupt,2019.0,True,False,True,2019-04-02 01:45:00,-18.916666666666668,1.331680398931502,-0.142466658580395,0.3685367643779743,True,-18.916666666666668,2019-04-02 20:40:00,2019-05-23 14:55:00
Hybrid,p514,2019-04-02 20:40:00,2019-04-01 00:00:00,abrupt,2019.0,True,False,True,2019-04-02 01:45:00,-18.916666666666668,,,,True,-18.916666666666668,2019-04-02 20:40:00,2019-05-23 14:55:00
CUSUM,p331,2019-04-20 10:10:00,2019-04-19 00:00:00,abrupt,2019.0,True,True,False,2019-04-22 11:50:00,49.666666666666664,45.50159550613101,1.8857534576681207,0.7583599251021835,False,49.666666666666664,2019-04-20 10:10:00,2019-12-31 23:55:00
XBarFDM,p331,2019-04-20 10:10:00,2019-04-19 00:00:00,abrupt,2019.0,True,True,False,2019-04-20 16:40:00,6.5,2.0515417703796768,-0.4148247667221876,0.6165916342754661,False,6.5,2019-04-20 10:10:00,2019-12-31 23:55:00
Hybrid,p331,2019-04-20 10:10:00,2019-04-19 00:00:00,abrupt,2019.0,True,True,False,2019-04-20 16:40:00,6.5,,,,False,6.5,2019-04-20 10:10:00,2019-12-31 23:55:00
CUSUM,p193,2019-05-19 10:40:00,2019-05-18 00:00:00,incipient,2019.0,True,True,False,2019-06-13 13:10:00,602.5,45.23373385214525,3.2078329306282023,0.7538955642024209,False,602.5,2019-05-19 10:40:00,2019-12-31 23:55:00
XBarFDM,p193,2019-05-19 10:40:00,2019-05-18 00:00:00,incipient,2019.0,True,True,False,2019-05-20 04:20:00,17.666666666666668,2.034586298885092,0.2423891121142156,0.44804929669271903,False,17.666666666666668,2019-05-19 10:40:00,2019-12-31 23:55:00
Hybrid,p193,2019-05-19 10:40:00,2019-05-18 00:00:00,incipient,2019.0,True,True,False,2019-05-20 04:20:00,17.666666666666668,,,,False,17.666666666666668,2019-05-19 10:40:00,2019-12-31 23:55:00
CUSUM,p277,2019-05-30 21:55:00,2019-05-29 00:00:00,incipient,2019.0,True,True,False,2019-05-31 21:15:00,23.333333333333332,45.30218894921823,1.9697190058252478,0.7550364824869704,False,23.333333333333332,2019-05-30 21:55:00,2019-12-31 23:55:00
XBarFDM,p277,2019-05-30 21:55:00,2019-05-29 00:00:00,incipient,2019.0,True,False,True,2019-05-30 03:40:00,-18.25,0.9076432495346414,-0.4652166034037042,0.3432149632345864,True,-18.25,2019-05-30 21:55:00,2019-12-31 23:55:00
Hybrid,p277,2019-05-30 21:55:00,2019-05-29 00:00:00,incipient,2019.0,True,False,True,2019-05-30 03:40:00,-18.25,,,,True,-18.25,2019-05-30 21:55:00,2019-12-31 23:55:00
CUSUM,p142,2019-06-12 19:55:00,2019-06-11 00:00:00,abrupt,2019.0,True,True,False,2019-06-13 10:30:00,14.583333333333334,44.404380189334944,1.9903341477079322,0.7400730031555824,False,14.583333333333334,2019-06-12 19:55:00,2019-07-17 09:25:00
XBarFDM,p142,2019-06-12 19:55:00,2019-06-11 00:00:00,abrupt,2019.0,True,True,False,2019-06-13 10:20:00,14.416666666666666,1.5403842524442894,-0.4788805866683243,0.5048162097781534,False,14.416666666666666,2019-06-12 19:55:00,2019-07-17 09:25:00
Hybrid,p142,2019-06-12 19:55:00,2019-06-11 00:00:00,abrupt,2019.0,True,True,False,2019-06-13 10:20:00,14.416666666666666,,,,False,14.416666666666666,2019-06-12 19:55:00,2019-07-17 09:25:00
CUSUM,p680,2019-07-10 08:45:00,2019-07-09 00:00:00,abrupt,2019.0,True,True,False,2019-07-11 05:15:00,20.5,68.60249799325449,2.1794009019877,1.1433749665542414,False,20.5,2019-07-10 08:45:00,2019-12-31 23:55:00
XBarFDM,p680,2019-07-10 08:45:00,2019-07-09 00:00:00,abrupt,2019.0,True,True,False,2019-07-10 11:10:00,2.4166666666666665,2.263716254003025,-0.6985825020013253,0.7405746890010876,False,2.4166666666666665,2019-07-10 08:45:00,2019-12-31 23:55:00
Hybrid,p680,2019-07-10 08:45:00,2019-07-09 00:00:00,abrupt,2019.0,True,True,False,2019-07-10 11:10:00,2.4166666666666665,,,,False,2.4166666666666665,2019-07-10 08:45:00,2019-12-31 23:55:00
CUSUM,p586,2019-07-26 14:40:00,2019-07-25 00:00:00,incipient,2019.0,True,True,False,2019-08-30 17:10:00,842.5,74.56672771047324,1.9102603540969514,1.2427787951745541,False,842.5,2019-07-26 14:40:00,2019-09-16 03:20:00
XBarFDM,p586,2019-07-26 14:40:00,2019-07-25 00:00:00,incipient,2019.0,False,False,False,,,4.682860937745006,-0.3738953802542181,1.264189079499806,True,,2019-07-26 14:40:00,2019-09-16 03:20:00
Hybrid,p586,2019-07-26 14:40:00,2019-07-25 00:00:00,incipient,2019.0,True,True,False,2019-08-30 17:10:00,842.5,,,,False,842.5,2019-07-26 14:40:00,2019-09-16 03:20:00
CUSUM,p721,2019-08-02 03:00:00,2019-08-01 00:00:00,incipient,2019.0,True,True,False,2019-08-06 05:35:00,98.58333333333333,45.473487696348435,1.8266738762547452,0.7578914616058072,False,98.58333333333333,2019-08-02 03:00:00,2019-12-31 23:55:00
XBarFDM,p721,2019-08-02 03:00:00,2019-08-01 00:00:00,incipient,2019.0,True,True,False,2019-08-14 03:30:00,288.5,1.8372443016749322,-0.33352966018072344,0.5426934904639139,False,288.5,2019-08-02 03:00:00,2019-12-31 23:55:00
Hybrid,p721,2019-08-02 03:00:00,2019-08-01 00:00:00,incipient,2019.0,True,True,False,2019-08-06 05:35:00,98.58333333333333,,,,False,98.58333333333333,2019-08-02 03:00:00,2019-12-31 23:55:00
CUSUM,p800,2019-08-16 14:00:00,2019-08-15 00:00:00,incipient,2019.0,True,True,False,2019-08-21 12:00:00,118.0,37.97928667335044,1.7821966602610861,0.6329881112225073,False,118.0,2019-08-16 14:00:00,2019-10-01 16:35:00
XBarFDM,p800,2019-08-16 14:00:00,2019-08-15 00:00:00,incipient,2019.0,True,True,False,2019-08-22 03:40:00,133.66666666666666,1.6629056321646871,-0.31316094433665886,0.4940166441253365,False,133.66666666666666,2019-08-16 14:00:00,2019-10-01 16:35:00
Hybrid,p800,2019-08-16 14:00:00,2019-08-15 00:00:00,incipient,2019.0,True,True,False,2019-08-21 12:00:00,118.0,,,,False,118.0,2019-08-16 14:00:00,2019-10-01 16:35:00
CUSUM,p123,2019-09-13 20:05:00,2019-09-12 00:00:00,incipient,2019.0,True,True,False,2019-09-29 02:00:00,365.9166666666667,80.63088779409964,1.9084803284403122,1.3438481299016607,False,365.9166666666667,2019-09-13 20:05:00,2019-12-31 23:55:00
XBarFDM,p123,2019-09-13 20:05:00,2019-09-12 00:00:00,incipient,2019.0,False,False,False,,,5.120749650619411,-0.45195699873088674,1.3931766623375743,True,,2019-09-13 20:05:00,2019-12-31 23:55:00
Hybrid,p123,2019-09-13 20:05:00,2019-09-12 00:00:00,incipient,2019.0,True,True,False,2019-09-29 02:00:00,365.9166666666667,,,,False,365.9166666666667,2019-09-13 20:05:00,2019-12-31 23:55:00
CUSUM,p455,2019-10-03 14:00:00,2019-10-02 00:00:00,incipient,2019.0,True,True,False,2019-11-05 16:15:00,794.25,77.69094341310814,1.8551231935518016,1.2948490568851356,False,794.25,2019-10-03 14:00:00,2019-12-31 23:55:00
XBarFDM,p455,2019-10-03 14:00:00,2019-10-02 00:00:00,incipient,2019.0,False,False,False,,,4.390260708669061,-0.5939270779662142,1.2460469466588189,True,,2019-10-03 14:00:00,2019-12-31 23:55:00
Hybrid,p455,2019-10-03 14:00:00,2019-10-02 00:00:00,incipient,2019.0,True,True,False,2019-11-05 16:15:00,794.25,,,,False,794.25,2019-10-03 14:00:00,2019-12-31 23:55:00
CUSUM,p762,2019-10-09 10:15:00,2019-10-08 00:00:00,incipient,2019.0,True,True,False,2019-10-29 17:10:00,486.9166666666667,71.83032043391951,1.8467053746648148,1.1971720072319918,False,486.9166666666667,2019-10-09 10:15:00,2019-12-31 23:55:00
XBarFDM,p762,2019-10-09 10:15:00,2019-10-08 00:00:00,incipient,2019.0,False,False,False,,,4.250513657444409,-0.5294724566089001,1.1949965285133273,True,,2019-10-09 10:15:00,2019-12-31 23:55:00
Hybrid,p762,2019-10-09 10:15:00,2019-10-08 00:00:00,incipient,2019.0,True,True,False,2019-10-29 17:10:00,486.9166666666667,,,,False,486.9166666666667,2019-10-09 10:15:00,2019-12-31 23:55:00
CUSUM,p426,2019-10-25 13:25:00,2019-10-24 00:00:00,abrupt,2019.0,True,False,True,2019-10-25 02:55:00,-10.5,53.45075078981034,2.0484334696078244,0.8908458464968391,True,-10.5,2019-10-25 13:25:00,2019-12-31 23:55:00
XBarFDM,p426,2019-10-25 13:25:00,2019-10-24 00:00:00,abrupt,2019.0,True,False,True,2019-10-25 00:40:00,-12.75,1.6329444353948566,-0.2082867023298678,0.4603077844311811,True,-12.75,2019-10-25 13:25:00,2019-12-31 23:55:00
Hybrid,p426,2019-10-25 13:25:00,2019-10-24 00:00:00,abrupt,2019.0,True,False,True,2019-10-25 00:40:00,-12.75,,,,True,-12.75,2019-10-25 13:25:00,2019-12-31 23:55:00
CUSUM,p879,2019-11-20 11:55:00,2019-11-19 00:00:00,incipient,2019.0,True,False,True,2019-11-20 05:05:00,-6.833333333333333,36.63303205142086,1.882340015634898,0.6105505341903477,True,-6.833333333333333,2019-11-20 11:55:00,2019-12-31 23:55:00
XBarFDM,p879,2019-11-20 11:55:00,2019-11-19 00:00:00,incipient,2019.0,True,True,False,2019-12-02 01:40:00,277.75,2.1050338816974965,-0.35178283907761054,0.6142041801937768,False,277.75,2019-11-20 11:55:00,2019-12-31 23:55:00
Hybrid,p879,2019-11-20 11:55:00,2019-11-19 00:00:00,incipient,2019.0,True,False,True,2019-11-20 05:05:00,-6.833333333333333,,,,True,-6.833333333333333,2019-11-20 11:55:00,2019-12-31 23:55:00
