method,leak_id,start_time,demo_start,leak_type,year,alarmed,detected,false_alarm_before_leak,alarm_time,alarm_delay_h,threshold,calib_center,calib_scale
PlanC,p257,08-Jan-2018 13:30:00,07-Jan-2018,incipient,2018,1,1,0,03-Feb-2018 18:10:00,628.666666666667,3.52265229068275,2.70973253129442,0.789152090979986
CUSUM,p257,08-Jan-2018 13:30:00,07-Jan-2018,incipient,2018,1,1,0,10-Jan-2018 15:05:00,49.5833333333333,47.3491254587991,1.33650480623795,0.789152090979986
XBarFDM,p257,08-Jan-2018 13:30:00,07-Jan-2018,incipient,2018,1,1,0,08-Jul-2018 09:20:00,4339.83333333333,3.61832830893867,0.192959699314697,0.856342152405994
Hybrid,p257,08-Jan-2018 13:30:00,07-Jan-2018,incipient,2018,1,1,0,10-Jan-2018 15:05:00,49.5833333333333,NaN,NaN,NaN
PlanC,p461,23-Jan-2018 04:25:00,22-Jan-2018,incipient,2018,1,1,0,03-Feb-2018 20:10:00,279.75,3.45289820872075,2.65607554516981,0.678263567064038
CUSUM,p461,23-Jan-2018 04:25:00,22-Jan-2018,incipient,2018,1,1,0,02-Feb-2018 18:20:00,253.916666666667,40.6958140238423,1.27753648772579,0.678263567064038
XBarFDM,p461,23-Jan-2018 04:25:00,22-Jan-2018,incipient,2018,1,1,0,03-Feb-2018 19:45:00,279.333333333333,2.2683390014841,0.0132271631513664,0.563777959583183
Hybrid,p461,23-Jan-2018 04:25:00,22-Jan-2018,incipient,2018,1,1,0,02-Feb-2018 18:20:00,253.916666666667,NaN,NaN,NaN
PlanC,p232,31-Jan-2018 02:35:00,30-Jan-2018,incipient,2018,1,1,0,03-Feb-2018 18:15:00,87.6666666666667,3.13361238309339,2.41047106391799,0.653191096814604
CUSUM,p232,31-Jan-2018 02:35:00,30-Jan-2018,incipient,2018,1,1,0,02-Feb-2018 17:40:00,63.0833333333333,39.1914658088763,1.1208960864998,0.653191096814604
XBarFDM,p232,31-Jan-2018 02:35:00,30-Jan-2018,incipient,2018,1,1,0,03-Feb-2018 19:35:00,89,2.18286278671802,-0.0150577829315155,0.549480142412383
Hybrid,p232,31-Jan-2018 02:35:00,30-Jan-2018,incipient,2018,1,1,0,02-Feb-2018 17:40:00,63.0833333333333,NaN,NaN,NaN
PlanC,p427,13-Feb-2018 08:25:00,12-Feb-2018,incipient,2018,1,1,0,05-Mar-2018 16:40:00,488.25,3.23881550593794,2.49139654302919,0.640878470288703
CUSUM,p427,13-Feb-2018 08:25:00,12-Feb-2018,incipient,2018,1,1,0,05-Mar-2018 14:40:00,486.25,38.4527082173222,1.34211917104973,0.640878470288703
XBarFDM,p427,13-Feb-2018 08:25:00,12-Feb-2018,incipient,2018,1,1,0,06-Mar-2018 16:55:00,512.5,2.13939597475166,0.021654932610371,0.529435260535323
Hybrid,p427,13-Feb-2018 08:25:00,12-Feb-2018,incipient,2018,1,1,0,05-Mar-2018 14:40:00,486.25,NaN,NaN,NaN
PlanC,p673,05-Mar-2018 15:45:00,04-Mar-2018,abrupt,2018,1,1,0,05-Mar-2018 17:30:00,1.75,3.67486967457289,2.82682282659453,0.818322112470407
CUSUM,p673,05-Mar-2018 15:45:00,04-Mar-2018,abrupt,2018,1,1,0,05-Mar-2018 16:20:00,0.583333333333333,49.0993267482244,1.10849288613248,0.818322112470407
XBarFDM,p673,05-Mar-2018 15:45:00,04-Mar-2018,abrupt,2018,0,0,0,NaT,NaN,3.21263405707154,0.0165242647604831,0.799027448077764
Hybrid,p673,05-Mar-2018 15:45:00,04-Mar-2018,abrupt,2018,1,1,0,05-Mar-2018 16:20:00,0.583333333333333,NaN,NaN,NaN
PlanC,p810,28-Jul-2018 03:05:00,27-Jul-2018,incipient,2018,1,1,0,29-Jul-2018 01:55:00,22.8333333333333,3.41593410729168,2.6276416209936,0.530023619059358
CUSUM,p810,28-Jul-2018 03:05:00,27-Jul-2018,incipient,2018,1,1,0,28-Jul-2018 20:55:00,17.8333333333333,31.8014171435615,1.86085312058154,0.530023619059358
XBarFDM,p810,28-Jul-2018 03:05:00,27-Jul-2018,incipient,2018,1,1,0,06-Oct-2018 19:00:00,1695.91666666667,1.84169882248003,-0.123831759960165,0.491382645610048
Hybrid,p810,28-Jul-2018 03:05:00,27-Jul-2018,incipient,2018,1,1,0,28-Jul-2018 20:55:00,17.8333333333333,NaN,NaN,NaN
PlanC,p628,02-May-2018 14:55:00,01-May-2018,incipient,2018,1,1,0,13-May-2018 19:05:00,268.166666666667,3.710105487398,2.85392729799846,0.863018193539848
CUSUM,p628,02-May-2018 14:55:00,01-May-2018,incipient,2018,1,1,0,10-May-2018 14:30:00,191.583333333333,51.7810916123909,1.39365647924018,0.863018193539848
XBarFDM,p628,02-May-2018 14:55:00,01-May-2018,incipient,2018,1,1,0,18-May-2018 17:40:00,386.75,2.96279886576156,-0.0909733128690187,0.763443044657644
Hybrid,p628,02-May-2018 14:55:00,01-May-2018,incipient,2018,1,1,0,10-May-2018 14:30:00,191.583333333333,NaN,NaN,NaN
PlanC,p538,18-May-2018 08:35:00,17-May-2018,abrupt,2018,0,0,0,NaT,NaN,5.0276481287703,3.86742163751561,1.12217201834227
CUSUM,p538,18-May-2018 08:35:00,17-May-2018,abrupt,2018,1,1,0,21-May-2018 15:35:00,79,67.3303211005362,1.88114226689627,1.12217201834227
XBarFDM,p538,18-May-2018 08:35:00,17-May-2018,abrupt,2018,0,0,0,NaT,NaN,3.92328603990462,-0.226083933226993,1.0373424932829
Hybrid,p538,18-May-2018 08:35:00,17-May-2018,abrupt,2018,1,1,0,21-May-2018 15:35:00,79,NaN,NaN,NaN
PlanC,p866,01-Jun-2018 09:05:00,31-May-2018,abrupt,2018,0,0,0,NaT,NaN,4.6481282670723,3.57548328236331,1.04204204658223
CUSUM,p866,01-Jun-2018 09:05:00,31-May-2018,abrupt,2018,0,0,0,NaT,NaN,62.5225227949341,1.781296302649,1.04204204658223
XBarFDM,p866,01-Jun-2018 09:05:00,31-May-2018,abrupt,2018,0,0,0,NaT,NaN,3.72242197321383,-0.193772773674034,0.979048686721966
Hybrid,p866,01-Jun-2018 09:05:00,31-May-2018,abrupt,2018,0,0,0,NaT,NaN,NaN,NaN,NaN
PlanC,p31,28-Jun-2018 10:35:00,27-Jun-2018,incipient,2018,0,0,0,NaT,NaN,4.30990118579336,3.31530860445643,0.890270791228635
CUSUM,p31,28-Jun-2018 10:35:00,27-Jun-2018,incipient,2018,1,1,0,16-Jul-2018 03:50:00,425.25,53.4162474737181,1.71137290742356,0.890270791228635
XBarFDM,p31,28-Jun-2018 10:35:00,27-Jun-2018,incipient,2018,0,0,0,NaT,NaN,2.40234909854579,-0.108715703033288,0.627766200394769
Hybrid,p31,28-Jun-2018 10:35:00,27-Jun-2018,incipient,2018,1,1,0,16-Jul-2018 03:50:00,425.25,NaN,NaN,NaN
PlanC,p654,05-Jul-2018 03:40:00,04-Jul-2018,incipient,2018,0,0,0,NaT,NaN,4.4115124024587,3.39347107881439,0.970056212374889
CUSUM,p654,05-Jul-2018 03:40:00,04-Jul-2018,incipient,2018,1,1,0,19-Jul-2018 10:05:00,342.416666666667,58.2033727424933,1.77930281969859,0.970056212374889
XBarFDM,p654,05-Jul-2018 03:40:00,04-Jul-2018,incipient,2018,1,1,0,03-Nov-2018 19:45:00,2920.08333333333,3.00163102845953,-0.137275465373768,0.784726623458324
Hybrid,p654,05-Jul-2018 03:40:00,04-Jul-2018,incipient,2018,1,1,0,19-Jul-2018 10:05:00,342.416666666667,NaN,NaN,NaN
PlanC,p183,07-Aug-2018 02:35:00,06-Aug-2018,abrupt,2018,1,1,0,13-Aug-2018 04:55:00,146.333333333333,3.4914604226807,2.68573878667746,0.628994279320529
CUSUM,p183,07-Aug-2018 02:35:00,06-Aug-2018,abrupt,2018,1,1,0,08-Aug-2018 11:05:00,32.5,37.7396567592318,1.5268306133305,0.628994279320529
XBarFDM,p183,07-Aug-2018 02:35:00,06-Aug-2018,abrupt,2018,0,0,0,NaT,NaN,1.75150346663353,-0.204456294239861,0.488989940218349
Hybrid,p183,07-Aug-2018 02:35:00,06-Aug-2018,abrupt,2018,1,1,0,08-Aug-2018 11:05:00,32.5,NaN,NaN,NaN
PlanC,p158,06-Oct-2018 02:35:00,05-Oct-2018,abrupt,2018,1,1,0,11-Oct-2018 14:00:00,131.416666666667,4.1630806836412,3.20236975664707,0.956284610410164
CUSUM,p158,06-Oct-2018 02:35:00,05-Oct-2018,abrupt,2018,1,1,0,06-Oct-2018 20:10:00,17.5833333333333,57.3770766246099,1.36185116780775,0.956284610410164
XBarFDM,p158,06-Oct-2018 02:35:00,05-Oct-2018,abrupt,2018,0,0,0,NaT,NaN,3.40149682294552,-0.0152142404245175,0.85417776584251
Hybrid,p158,06-Oct-2018 02:35:00,05-Oct-2018,abrupt,2018,1,1,0,06-Oct-2018 20:10:00,17.5833333333333,NaN,NaN,NaN
PlanC,p369,26-Oct-2018 02:05:00,25-Oct-2018,abrupt,2018,0,0,0,NaT,NaN,4.37146592548011,3.36266609652316,0.891877309470527
CUSUM,p369,26-Oct-2018 02:05:00,25-Oct-2018,abrupt,2018,1,1,0,26-Oct-2018 18:10:00,16.0833333333333,53.5126385682316,1.79680823889065,0.891877309470527
XBarFDM,p369,26-Oct-2018 02:05:00,25-Oct-2018,abrupt,2018,1,1,0,28-Oct-2018 17:40:00,63.5833333333333,2.68568897343394,-0.115183043139941,0.700218004143471
Hybrid,p369,26-Oct-2018 02:05:00,25-Oct-2018,abrupt,2018,1,1,0,26-Oct-2018 18:10:00,16.0833333333333,NaN,NaN,NaN
PlanC,p523,15-Jan-2019 23:00:00,14-Jan-2019,abrupt,2019,1,1,0,25-Jan-2019 14:10:00,231.166666666667,3.66829780772517,2.82176754440398,0.768238262359284
CUSUM,p523,15-Jan-2019 23:00:00,14-Jan-2019,abrupt,2019,1,1,0,16-Jan-2019 17:20:00,18.3333333333333,46.0942957415571,1.18610920477788,0.768238262359284
XBarFDM,p523,15-Jan-2019 23:00:00,14-Jan-2019,abrupt,2019,0,0,0,NaT,NaN,3.01641891079645,-0.00890355445943352,0.756330616313971
Hybrid,p523,15-Jan-2019 23:00:00,14-Jan-2019,abrupt,2019,1,1,0,16-Jan-2019 17:20:00,18.3333333333333,NaN,NaN,NaN
PlanC,p827,24-Jan-2019 18:30:00,23-Jan-2019,abrupt,2019,1,1,0,31-Jan-2019 14:30:00,164,3.68262089001253,2.83278530000964,0.820780729491867
CUSUM,p827,24-Jan-2019 18:30:00,23-Jan-2019,abrupt,2019,1,1,0,25-Jan-2019 16:20:00,21.8333333333333,49.246843769512,1.15459425394721,0.820780729491867
XBarFDM,p827,24-Jan-2019 18:30:00,23-Jan-2019,abrupt,2019,0,0,0,NaT,NaN,3.027175075323,-0.0589083315623551,0.771520851721339
Hybrid,p827,24-Jan-2019 18:30:00,23-Jan-2019,abrupt,2019,1,1,0,25-Jan-2019 16:20:00,21.8333333333333,NaN,NaN,NaN
PlanC,p280,10-Feb-2019 13:05:00,09-Feb-2019,abrupt,2019,1,1,0,20-Mar-2019 09:05:00,908,3.91931429229587,3.0148571479199,0.779172404128249
CUSUM,p280,10-Feb-2019 13:05:00,09-Feb-2019,abrupt,2019,1,1,0,15-Feb-2019 22:35:00,129.5,46.7503442476949,1.51565271581178,0.779172404128249
XBarFDM,p280,10-Feb-2019 13:05:00,09-Feb-2019,abrupt,2019,1,1,0,18-Mar-2019 09:25:00,860.333333333333,2.79119803871675,-0.0811718820988034,0.718092480203889
Hybrid,p280,10-Feb-2019 13:05:00,09-Feb-2019,abrupt,2019,1,1,0,15-Feb-2019 22:35:00,129.5,NaN,NaN,NaN
PlanC,p653,03-Mar-2019 13:10:00,02-Mar-2019,incipient,2019,1,1,0,20-Mar-2019 09:05:00,403.916666666667,3.65965986686397,2.81512297451074,0.751912169807911
CUSUM,p653,03-Mar-2019 13:10:00,02-Mar-2019,incipient,2019,1,1,0,05-Mar-2019 18:15:00,53.0833333333333,45.1147301884746,1.22589575883735,0.751912169807911
XBarFDM,p653,03-Mar-2019 13:10:00,02-Mar-2019,incipient,2019,1,1,0,04-Apr-2019 08:05:00,762.916666666667,2.55987908499586,0.0375080809496443,0.630592751011554
Hybrid,p653,03-Mar-2019 13:10:00,02-Mar-2019,incipient,2019,1,1,0,05-Mar-2019 18:15:00,53.0833333333333,NaN,NaN,NaN
PlanC,p710,24-Mar-2019 14:15:00,23-Mar-2019,abrupt,2019,1,1,0,10-Apr-2019 10:15:00,404,4.26059726324697,3.27738251018997,0.922497966990533
CUSUM,p710,24-Mar-2019 14:15:00,23-Mar-2019,abrupt,2019,1,1,0,04-Apr-2019 11:05:00,260.833333333333,55.349878019432,1.77712809214156,0.922497966990533
XBarFDM,p710,24-Mar-2019 14:15:00,23-Mar-2019,abrupt,2019,1,1,0,04-Apr-2019 08:40:00,258.416666666667,2.72344510388691,-0.250053878076124,0.743374745490759
Hybrid,p710,24-Mar-2019 14:15:00,23-Mar-2019,abrupt,2019,1,1,0,04-Apr-2019 11:05:00,260.833333333333,NaN,NaN,NaN
PlanC,p514,02-Apr-2019 20:40:00,01-Apr-2019,abrupt,2019,1,0,1,02-Apr-2019 00:55:00,-19.75,3.5385416220038,2.72195509384908,0.52213862380158
CUSUM,p514,02-Apr-2019 20:40:00,01-Apr-2019,abrupt,2019,1,0,1,02-Apr-2019 02:30:00,-18.1666666666667,31.3283174280948,2.07477581489772,0.52213862380158
XBarFDM,p514,02-Apr-2019 20:40:00,01-Apr-2019,abrupt,2019,1,0,1,02-Apr-2019 01:45:00,-18.9166666666667,1.3316803989315,-0.142466658580395,0.368536764377974
Hybrid,p514,02-Apr-2019 20:40:00,01-Apr-2019,abrupt,2019,1,0,1,02-Apr-2019 00:55:00,-19.75,NaN,NaN,NaN
PlanC,p331,20-Apr-2019 10:10:00,19-Apr-2019,abrupt,2019,1,1,0,01-May-2019 17:50:00,271.666666666667,4.26333688480507,3.27948991138851,0.758359925102182
CUSUM,p331,20-Apr-2019 10:10:00,19-Apr-2019,abrupt,2019,1,1,0,22-Apr-2019 11:50:00,49.6666666666667,45.5015955061309,1.88575345766812,0.758359925102182
XBarFDM,p331,20-Apr-2019 10:10:00,19-Apr-2019,abrupt,2019,1,1,0,20-Apr-2019 16:40:00,6.5,2.05154177037967,-0.414824766722188,0.616591634275465
Hybrid,p331,20-Apr-2019 10:10:00,19-Apr-2019,abrupt,2019,1,1,0,22-Apr-2019 11:50:00,49.6666666666667,NaN,NaN,NaN
PlanC,p193,19-May-2019 10:40:00,18-May-2019,incipient,2019,1,1,0,10-Jul-2019 12:25:00,1249.75,5.78033223167374,4.4464094089798,0.753895564202421
CUSUM,p193,19-May-2019 10:40:00,18-May-2019,incipient,2019,1,1,0,13-Jun-2019 13:10:00,602.5,45.2337338521452,3.2078329306282,0.753895564202421
XBarFDM,p193,19-May-2019 10:40:00,18-May-2019,incipient,2019,1,1,0,20-May-2019 04:20:00,17.6666666666667,2.03458629888509,0.242389112114216,0.448049296692719
Hybrid,p193,19-May-2019 10:40:00,18-May-2019,incipient,2019,1,1,0,13-Jun-2019 13:10:00,602.5,NaN,NaN,NaN
PlanC,p277,30-May-2019 21:55:00,29-May-2019,incipient,2019,1,1,0,13-Jun-2019 10:50:00,324.916666666667,4.41222165114023,3.39401665472325,0.75503648248697
CUSUM,p277,30-May-2019 21:55:00,29-May-2019,incipient,2019,1,1,0,31-May-2019 21:15:00,23.3333333333333,45.3021889492182,1.96971900582525,0.75503648248697
XBarFDM,p277,30-May-2019 21:55:00,29-May-2019,incipient,2019,1,0,1,30-May-2019 03:40:00,-18.25,0.907643249534641,-0.465216603403704,0.343214963234586
Hybrid,p277,30-May-2019 21:55:00,29-May-2019,incipient,2019,1,1,0,31-May-2019 21:15:00,23.3333333333333,NaN,NaN,NaN
PlanC,p142,12-Jun-2019 19:55:00,11-Jun-2019,abrupt,2019,1,1,0,14-Jun-2019 10:45:00,38.8333333333333,4.53586980668132,3.48913062052409,0.740073003155583
CUSUM,p142,12-Jun-2019 19:55:00,11-Jun-2019,abrupt,2019,1,1,0,13-Jun-2019 10:30:00,14.5833333333333,44.404380189335,1.99033414770793,0.740073003155583
XBarFDM,p142,12-Jun-2019 19:55:00,11-Jun-2019,abrupt,2019,1,1,0,13-Jun-2019 10:20:00,14.4166666666667,1.54038425244429,-0.478880586668324,0.504816209778153
Hybrid,p142,12-Jun-2019 19:55:00,11-Jun-2019,abrupt,2019,1,1,0,13-Jun-2019 10:30:00,14.5833333333333,NaN,NaN,NaN
PlanC,p680,10-Jul-2019 08:45:00,09-Jul-2019,abrupt,2019,1,1,0,23-Jul-2019 00:35:00,303.833333333333,5.31138997743898,4.08568459802998,1.14337496655424
CUSUM,p680,10-Jul-2019 08:45:00,09-Jul-2019,abrupt,2019,1,1,0,11-Jul-2019 05:15:00,20.5,68.6024979932545,2.1794009019877,1.14337496655424
XBarFDM,p680,10-Jul-2019 08:45:00,09-Jul-2019,abrupt,2019,1,1,0,10-Jul-2019 11:10:00,2.41666666666667,2.26371625400303,-0.698582502001325,0.740574689001088
Hybrid,p680,10-Jul-2019 08:45:00,09-Jul-2019,abrupt,2019,1,1,0,11-Jul-2019 05:15:00,20.5,NaN,NaN,NaN
PlanC,p586,26-Jul-2019 14:40:00,25-Jul-2019,incipient,2019,1,1,0,09-Sep-2019 11:15:00,1076.58333333333,5.14449140983733,3.95730108449025,1.24277879517455
CUSUM,p586,26-Jul-2019 14:40:00,25-Jul-2019,incipient,2019,1,1,0,30-Aug-2019 17:10:00,842.5,74.5667277104732,1.91026035409695,1.24277879517455
XBarFDM,p586,26-Jul-2019 14:40:00,25-Jul-2019,incipient,2019,0,0,0,NaT,NaN,4.682860937745,-0.373895380254219,1.26418907949981
Hybrid,p586,26-Jul-2019 14:40:00,25-Jul-2019,incipient,2019,1,1,0,30-Aug-2019 17:10:00,842.5,NaN,NaN,NaN
PlanC,p721,02-Aug-2019 03:00:00,01-Aug-2019,incipient,2019,1,1,0,14-Aug-2019 03:35:00,288.583333333333,4.62842392600378,3.56032609692598,0.757891461605808
CUSUM,p721,02-Aug-2019 03:00:00,01-Aug-2019,incipient,2019,1,1,0,06-Aug-2019 05:35:00,98.5833333333333,45.4734876963485,1.82667387625475,0.757891461605808
XBarFDM,p721,02-Aug-2019 03:00:00,01-Aug-2019,incipient,2019,1,1,0,14-Aug-2019 03:30:00,288.5,1.83724430167493,-0.333529660180723,0.542693490463914
Hybrid,p721,02-Aug-2019 03:00:00,01-Aug-2019,incipient,2019,1,1,0,06-Aug-2019 05:35:00,98.5833333333333,NaN,NaN,NaN
PlanC,p800,16-Aug-2019 14:00:00,15-Aug-2019,incipient,2019,1,1,0,25-Aug-2019 01:15:00,203.25,3.96431047016302,3.04946959243309,0.632988111222507
CUSUM,p800,16-Aug-2019 14:00:00,15-Aug-2019,incipient,2019,1,1,0,21-Aug-2019 12:00:00,118,37.9792866733504,1.78219666026109,0.632988111222507
XBarFDM,p800,16-Aug-2019 14:00:00,15-Aug-2019,incipient,2019,1,1,0,22-Aug-2019 03:40:00,133.666666666667,1.66290563216469,-0.313160944336659,0.494016644125336
Hybrid,p800,16-Aug-2019 14:00:00,15-Aug-2019,incipient,2019,1,1,0,21-Aug-2019 12:00:00,118,NaN,NaN,NaN
PlanC,p123,13-Sep-2019 20:05:00,12-Sep-2019,incipient,2019,1,1,0,29-Sep-2019 03:50:00,367.75,5.44284738114116,4.18680567780089,1.34384812990166
CUSUM,p123,13-Sep-2019 20:05:00,12-Sep-2019,incipient,2019,1,1,0,29-Sep-2019 02:00:00,365.916666666667,80.6308877940997,1.90848032844031,1.34384812990166
XBarFDM,p123,13-Sep-2019 20:05:00,12-Sep-2019,incipient,2019,0,0,0,NaT,NaN,5.12074965061941,-0.451956998730887,1.39317666233757
Hybrid,p123,13-Sep-2019 20:05:00,12-Sep-2019,incipient,2019,1,1,0,29-Sep-2019 02:00:00,365.916666666667,NaN,NaN,NaN
PlanC,p455,03-Oct-2019 14:00:00,02-Oct-2019,incipient,2019,1,1,0,26-Nov-2019 12:55:00,1294.91666666667,5.1331192319099,3.9485532553153,1.29484905688514
CUSUM,p455,03-Oct-2019 14:00:00,02-Oct-2019,incipient,2019,1,1,0,05-Nov-2019 16:15:00,794.25,77.6909434131082,1.8551231935518,1.29484905688514
XBarFDM,p455,03-Oct-2019 14:00:00,02-Oct-2019,incipient,2019,0,0,0,NaT,NaN,4.39026070866906,-0.593927077966214,1.24604694665882
Hybrid,p455,03-Oct-2019 14:00:00,02-Oct-2019,incipient,2019,1,1,0,05-Nov-2019 16:15:00,794.25,NaN,NaN,NaN
PlanC,p762,09-Oct-2019 10:15:00,08-Oct-2019,incipient,2019,1,1,0,26-Nov-2019 12:55:00,1154.66666666667,5.23264589559882,4.0251122273837,1.19717200723199
CUSUM,p762,09-Oct-2019 10:15:00,08-Oct-2019,incipient,2019,1,1,0,29-Oct-2019 17:10:00,486.916666666667,71.8303204339196,1.84670537466482,1.19717200723199
XBarFDM,p762,09-Oct-2019 10:15:00,08-Oct-2019,incipient,2019,0,0,0,NaT,NaN,4.25051365744441,-0.5294724566089,1.19499652851333
Hybrid,p762,09-Oct-2019 10:15:00,08-Oct-2019,incipient,2019,1,1,0,29-Oct-2019 17:10:00,486.916666666667,NaN,NaN,NaN
PlanC,p426,25-Oct-2019 13:25:00,24-Oct-2019,abrupt,2019,0,0,0,NaT,NaN,5.45630994848195,4.19716149883227,0.890845846496839
CUSUM,p426,25-Oct-2019 13:25:00,24-Oct-2019,abrupt,2019,1,0,1,25-Oct-2019 02:55:00,-10.5,53.4507507898104,2.04843346960782,0.890845846496839
XBarFDM,p426,25-Oct-2019 13:25:00,24-Oct-2019,abrupt,2019,1,0,1,25-Oct-2019 00:40:00,-12.75,1.63294443539486,-0.208286702329868,0.460307784431181
Hybrid,p426,25-Oct-2019 13:25:00,24-Oct-2019,abrupt,2019,1,0,1,25-Oct-2019 02:55:00,-10.5,NaN,NaN,NaN
PlanC,p879,20-Nov-2019 11:55:00,19-Nov-2019,incipient,2019,1,1,0,26-Nov-2019 06:00:00,138.083333333333,3.83394133763557,2.94918564433505,0.610550534190347
CUSUM,p879,20-Nov-2019 11:55:00,19-Nov-2019,incipient,2019,1,0,1,20-Nov-2019 05:05:00,-6.83333333333333,36.6330320514208,1.8823400156349,0.610550534190347
XBarFDM,p879,20-Nov-2019 11:55:00,19-Nov-2019,incipient,2019,1,1,0,02-Dec-2019 01:40:00,277.75,2.1050338816975,-0.351782839077611,0.614204180193777
Hybrid,p879,20-Nov-2019 11:55:00,19-Nov-2019,incipient,2019,1,0,1,20-Nov-2019 05:05:00,-6.83333333333333,NaN,NaN,NaN
