feature_case_index,leak_id,r_mean_1,r_mean_2,r_mean_3,r_mean_4,r_mean_5,r_mean_6,r_mean_7,r_mean_8,r_mean_9,r_mean_10,r_mean_11,r_mean_12,r_mean_13,r_mean_14,r_mean_15,r_mean_16,r_mean_17,r_mean_18,r_mean_19,r_mean_20,r_mean_21,r_mean_22,r_mean_23,r_mean_24,r_mean_25,r_mean_26,r_mean_27,r_mean_28,r_mean_29,r_mean_30,r_mean_31,r_mean_32,r_mean_33,r_std_1,r_std_2,r_std_3,r_std_4,r_std_5,r_std_6,r_std_7,r_std_8,r_std_9,r_std_10,r_std_11,r_std_12,r_std_13,r_std_14,r_std_15,r_std_16,r_std_17,r_std_18,r_std_19,r_std_20,r_std_21,r_std_22,r_std_23,r_std_24,r_std_25,r_std_26,r_std_27,r_std_28,r_std_29,r_std_30,r_std_31,r_std_32,r_std_33,r_max_1,r_max_2,r_max_3,r_max_4,r_max_5,r_max_6,r_max_7,r_max_8,r_max_9,r_max_10,r_max_11,r_max_12,r_max_13,r_max_14,r_max_15,r_max_16,r_max_17,r_max_18,r_max_19,r_max_20,r_max_21,r_max_22,r_max_23,r_max_24,r_max_25,r_max_26,r_max_27,r_max_28,r_max_29,r_max_30,r_max_31,r_max_32,r_max_33,r_norm_1,r_norm_2,r_norm_3,r_norm_4,r_norm_5,r_norm_6,r_norm_7,r_norm_8,r_norm_9,r_norm_10,r_norm_11,r_norm_12,r_norm_13,r_norm_14,r_norm_15,r_norm_16,r_norm_17,r_norm_18,r_norm_19,r_norm_20,r_norm_21,r_norm_22,r_norm_23,r_norm_24,r_norm_25,r_norm_26,r_norm_27,r_norm_28,r_norm_29,r_norm_30,r_norm_31,r_norm_32,r_norm_33
1,p257,-0.0440300552050286,0.0449145645565448,-0.023651740286082,-0.0243321408165862,-0.0056183062659392,-0.00775223255157657,-0.00681709289550502,-0.0072698465983074,-0.00041932370927553,-0.0110361448923759,-0.00616488244798232,-0.0043364503648553,-0.00582538604736395,-0.00947534190284031,-0.0154221574465417,-0.00719915919833642,-0.0141205247243277,-0.00769950813717461,-0.00607370906406107,-0.00324695534176368,-0.00623738023970207,-0.00801985104878389,-0.00664175987243879,-0.00741346412234474,-0.00667301707797686,-0.00687511285146399,-0.00641264120737844,-0.00629350291358076,-0.00390573395622841,-0.00548956076304033,-0.00263164679209729,-0.00549172560374318,-0.00414544794294811,0.784172437918515,0.849004036221331,0.778391227887917,0.67282400269537,0.180566886873342,0.205517626196229,0.397871737423636,0.379202401666641,0.00424560315721529,0.395723159875925,0.229934176813891,0.146767678241314,0.245472741088071,0.438558861403882,0.588805084058262,0.437434971019061,0.576218292160739,0.441291937774437,0.180120965000091,0.142208071466004,0.203872167282941,0.242194265207696,0.386261990050693,0.27589457397331,0.404402285407098,0.318964962320883,0.315710932730784,0.237807608774849,0.164213385193122,0.203416591994952,0.0829153577966236,0.207325096907927,0.153244824441267,0.897498892148334,1.40005054261949,0.877157268524172,1.2418677605523,0.389202433162261,0.454271259307859,0.805370763672727,0.773427590264212,0.015727815628054,0.7854853688346,0.489753519164196,0.313203620380825,0.523912616305878,0.871345770623947,1.12627533329858,0.87299143526289,1.09987571186489,0.88448401239183,0.399408373832699,0.309912071228027,0.440502675374347,0.538058908250598,0.78263515790303,0.582641555468243,0.816686290635005,0.631032379998096,0.634925030602346,0.491712714831031,0.348509999910995,0.432248885366654,0.169408360057403,0.443943911128571,0.326575207710263,-0.539074031277845,0.549903361825001,-0.289575811871766,-0.297906172920701,-0.0687867183820273,-0.0949130595799123,-0.0834638460402324,-0.0890070542558283,-0.00513391412563394,-0.135119047414231,-0.0754786251825618,-0.0530925470961446,-0.0713220622976539,-0.116009637814777,-0.188818400226747,-0.0881416058368911,-0.172882095002062,-0.0942675377315731,-0.0743623603178731,-0.0397535114892105,-0.0763662388060087,-0.0981895983319599,-0.0813171878286923,-0.0907654094812405,-0.0816998797812103,-0.0841742028955151,-0.0785120148203928,-0.0770533666306957,-0.0478191485129537,-0.0672104460622809,-0.0322200923553071,-0.0672369508985644,-0.0507540434290044
2,p461,0.071481814649371,-0.0304615619447529,0.0190210374196354,0.208265197541979,0.109678458637663,0.124817566871645,0.245432128376434,0.24953396373325,-0.00131255308786914,0.185485445128549,0.110482540660432,0.0723401726616759,0.146392116546634,0.246436690754359,0.214956734710269,0.196495922936337,0.212440243297153,0.249491065873043,0.1097354777654,0.0820819377899184,0.122799611621436,0.144850073920355,0.205920492808026,0.167874450683592,0.278950211207069,0.153357493612503,0.151548715167576,0.115055697758994,0.0816024329927246,0.099397476514182,0.0427579127417648,0.101166414684718,0.0754709937837382,0.309220580392948,0.294310643671654,0.297527980670178,0.331470660381032,0.097464649276673,0.110497695479716,0.214712913053517,0.206771461156932,0.00398884559412947,0.204687503248198,0.117458634893205,0.0738695199914114,0.130988276174121,0.235148941765281,0.293806025709663,0.22123378964541,0.286872581383104,0.234707013238112,0.0977803616937903,0.0778452490488323,0.109655209688153,0.130116882982504,0.202431349652759,0.147843967057154,0.221970338118915,0.162447029962186,0.161307674412214,0.121328432942062,0.0824667851688431,0.104138403462985,0.0404407106470717,0.105754797754353,0.0772718721074314,0.474068850146402,0.370650300449789,0.429370752440555,1.55500026173062,0.569620118141174,0.652603324254358,1.2259707848231,1.20657371732923,0.0105265945858477,1.12671926763323,0.642697237862478,0.41007927046882,0.767558265792005,1.30585810343424,1.45855547719531,1.17421083662245,1.42956461588542,1.29809246804979,0.582427930831905,0.446762935850359,0.645907563633394,0.775938172340389,1.11422410223219,0.870195126003686,1.29746222919888,0.888870188925004,0.878686530325147,0.670170140266421,0.466931399239435,0.568202817175127,0.230597600407066,0.581199723349677,0.43578182114495,0.0787778030738726,-0.0335707052203022,0.0209624720280934,0.229522358932553,0.120873092805287,0.137557415846338,0.270482834999072,0.275003335486725,-0.00144652243633365,0.204417528305362,0.121759245675854,0.0797237717624394,0.161334031395909,0.271589930804793,0.236896886284591,0.216551820876777,0.234123542239648,0.274956059138184,0.120935931747447,0.0904598569979498,0.135333492431794,0.159634595938927,0.226938335447647,0.185009019174402,0.307422033333607,0.169010348869406,0.167016952467291,0.126799174657841,0.0899314102220586,0.109542753905773,0.0471221169516045,0.111492243626087,0.0831741487712373
3,p232,-0.0416276849640731,-0.0509977791044467,-0.0236893685658762,0.200739517741734,0.104843531184724,0.120207238197325,0.237994801733226,0.242457236713832,-0.000427014562821422,0.18311211427053,0.106802820099722,0.0701696342892108,0.141251907348632,0.240182176695931,0.207384552425809,0.189731257226733,0.20574428717295,0.242415981292728,0.10462015310923,0.0786153830422319,0.117700612809926,0.1408407025867,0.198773460918001,0.163577255672881,0.271412817107307,0.149777645005118,0.147049433920116,0.111355836126537,0.0789233186509907,0.0953891579310103,0.041976855066088,0.0976780573526988,0.0732942284478076,0.308788931584097,0.294111038412828,0.296992706450148,0.315482438800712,0.0894338829958002,0.101089846907858,0.195940180541886,0.187650159760607,0.00388477236631206,0.190023674789759,0.110468837646067,0.0692549913212546,0.119549854571908,0.216105339460105,0.278355230370746,0.206820782335037,0.271000470532936,0.215404654481828,0.0896733024602446,0.0716751421631044,0.10007501494374,0.119388096411439,0.186708765134749,0.135274363548413,0.201351384058995,0.151328994448741,0.150875642485447,0.113740932548392,0.0775458900650011,0.0983101525037328,0.0379573805498382,0.0998059527388549,0.0726210032419352,0.371661800808379,0.360844791200421,0.39746655623118,1.31721194320255,0.4461713192198,0.511436183187698,0.998551086319814,0.969474076694908,0.0115132342444539,0.903686621983844,0.558722389009262,0.34501234796312,0.60662265671624,1.08000287850698,1.23138459020191,0.965626502037047,1.19245351579454,1.0715212308036,0.448871807522238,0.351349782943728,0.5035475534863,0.606729521751397,0.915453251202898,0.701909776263768,1.06077261659834,0.730850090450708,0.741006034215289,0.560757831997336,0.399136966599364,0.501882620917428,0.194653482966956,0.511868815422055,0.373617006937664,-0.0473509311587799,-0.0580092870816482,-0.0269463377827969,0.2283384986131,0.119258105077326,0.13673411494252,0.270715882536909,0.275791842243762,-0.000485723315754989,0.208287564505344,0.121486769837673,0.0798170142186087,0.160672142750285,0.273203992105502,0.235897136095459,0.215816750495864,0.234031356455364,0.275744914757732,0.119004015524082,0.0894239397090318,0.133882862314323,0.160204402870174,0.226102135447692,0.186066925873816,0.308728425074569,0.170370054541405,0.167266751165681,0.126665764264977,0.0897742123178559,0.108503882797794,0.0477481074484891,0.111107475071524,0.0833711980035234
4,p427,0.000642248524559075,-0.034579876793755,-0.00663464069366242,0.533106918864782,0.312061760160658,0.400075346628821,0.46311971293555,0.458367289437186,0.1297764105267,1.25515589608087,0.329856894810995,0.207274225023057,0.342900489171347,0.544737241003247,0.536908599005805,0.447473173141481,0.537003191312152,0.484426131778295,0.31831994268629,0.208463652928671,0.330858989821543,0.385304465823704,0.433235758675471,0.38754089143541,0.484757171736824,0.449296259350247,0.474259471893311,0.34262620660994,0.23136810355716,0.290442917082043,0.113219366073604,0.29505215220981,0.216762756771512,0.36047033680049,0.34635624891526,0.310421767071009,0.420218881860662,0.151048478092461,0.179494869348073,0.275588190115121,0.266744069635053,0.0319947647479156,0.351497391422779,0.175067709869526,0.109237355972114,0.183836828478454,0.307939561083745,0.380406916957144,0.290917296233105,0.372438384934035,0.299337392567194,0.153192217799776,0.11282865818758,0.164231842774709,0.19213783536688,0.26574131353462,0.206168675492911,0.282395278324938,0.232411211732447,0.235219835858555,0.17949497321605,0.122075474002075,0.156282431414474,0.0575894102056946,0.158613037514921,0.115226518828054,0.734804063108232,0.789738934834801,0.465785757170785,1.73665284368727,0.750039212968616,0.923435955047601,1.29902690357632,1.27260061475965,0.187172170215185,2.26179483254751,0.876961918407019,0.555159859657287,0.889088454776342,1.47750961462656,1.65475463522805,1.30031023025513,1.63863502025604,1.38544801606073,0.759560712178548,0.536623813311259,0.816268190807769,0.963507096502518,1.21505397690667,1.0017278485828,1.34904108630286,1.16100440767076,1.23159049034119,0.899875576231217,0.613783488273619,0.775999591085643,0.301457783381139,0.78417793538835,0.580076458189225,0.000263476298304427,-0.0141860628480178,-0.00272179772113326,0.218702001190898,0.128020344563565,0.164127074398482,0.189990421106594,0.188040784940153,0.0532395279168374,0.514915669944749,0.135320627905934,0.0850322631421953,0.140671637409629,0.223473229318256,0.220261604012223,0.183571578199879,0.220300409598801,0.198731175117145,0.130587703931341,0.0855202145343547,0.135731727774337,0.158067462194779,0.177730815446075,0.158984934355591,0.198866981085596,0.184319481834388,0.194560400393366,0.140559115619068,0.094916545760548,0.119151421506267,0.0464471592051174,0.121042316016787,0.0889248423009302
5,p673,0.0593215306599937,0.0592911036809316,0.0167643038431781,0.504676086637712,0.203653773201834,0.239388593567739,0.398927381833391,0.39125532097287,0.134038903978139,1.24244443045722,0.300683152940538,0.188118380970425,0.255426208178202,0.497206966612075,0.500120416747201,0.390202523867286,0.50112331390381,0.428220075501333,0.20426361401876,0.151619813177319,0.223789516025122,0.26053863737318,0.368623031510244,0.288724688953826,0.424233960575529,0.418422739770677,0.441452270083955,0.313804278373722,0.207923783196345,0.263470449447633,0.101200268003673,0.266749308904013,0.195589811007182,0.360936244676751,0.346546840906392,0.311492859541148,0.443940549568576,0.158095246519573,0.188177560687788,0.291457990436337,0.282124491971072,0.0183521167983366,0.347787851536136,0.182953735315469,0.114247714538838,0.193378523395665,0.3281071191788,0.402705439343892,0.307026674875584,0.395306067557124,0.317103022552601,0.160089682707892,0.118324685134711,0.172403602009792,0.201750298912664,0.280083384130498,0.217125252987379,0.299728570660627,0.247372314155022,0.24897305760791,0.18835911218439,0.127509384576448,0.162593653869418,0.0604033324962993,0.165388684366471,0.119981313872113,0.792369556162093,0.883590885798142,0.48725265767839,1.69197297520108,0.635187584029303,0.754711166487795,1.22191792170207,1.19273010942671,0.1853771686554,2.19788085884518,0.838280627462602,0.530061247613695,0.793499781290691,1.41221322112613,1.6015808473693,1.23073643313514,1.58588057676951,1.31520076115926,0.639102536837264,0.474960664113361,0.702031677563987,0.830167128774853,1.13898602432675,0.893635712729562,1.27415070586734,1.11480393833584,1.18305903858609,0.860752765337629,0.583811395433216,0.741143352190655,0.286344890594478,0.747559336556328,0.553033361964758,0.0270978809487981,0.0270839820044,0.00765787909849538,0.230534383743353,0.0930283767057034,0.109351925630159,0.182228721677731,0.178724149399886,0.0612285324079899,0.567544547274004,0.137351079634007,0.0859318604072204,0.116677855466796,0.227122514174324,0.228453368655548,0.178243235129587,0.22891148879256,0.195609528222206,0.0933069499938657,0.0692594341590183,0.102226318090062,0.119013196381694,0.16838579368597,0.131888492444547,0.193788683977192,0.191134137343194,0.201653951376867,0.143344766764916,0.0949789032884482,0.120352438536674,0.0462279510295812,0.121850210799262,0.0893447851817637
6,p810,-0.408515615198347,-0.444976534313627,-0.412886181937327,-0.28734805001153,-0.0687063376108804,-0.0786502048704393,-0.15379234313965,-0.146570048332214,-8.05695851978526e-06,-0.157426009178159,-0.0848835817972842,-0.0553606499565996,-0.09387311670515,-0.17364568657345,-0.241407435470159,-0.170644885169133,-0.236439770592586,-0.171957213083906,-0.0682979011535661,-0.0535274267196665,-0.0776628934012549,-0.0927732616000738,-0.1493278921975,-0.105193992720708,-0.156742739147608,-0.124828210936651,-0.119936067793101,-0.090012793011134,-0.0609165472454484,-0.0753621806038742,-0.0303953350914871,-0.0762010208765657,-0.055754193729828,0.810310920962089,0.792674538200958,0.78112412043048,0.796315454013904,0.259062774394484,0.295047822774083,0.515695767226214,0.497848835004249,0.00636935932907063,0.520137429269117,0.32616259360596,0.205527150764612,0.334722972601247,0.562556450777048,0.722383579954642,0.54982700605214,0.70327335169609,0.561947447431465,0.260914730632465,0.201660827747654,0.287257866646957,0.342149728340354,0.498387010756082,0.37847769376354,0.525692985834598,0.415653624223069,0.425986421143781,0.330829547035021,0.231233036700041,0.29234760269102,0.109641122143643,0.297527864684226,0.218122153876512,0.740345448123083,0.701517352528043,0.696706193288165,1.03615884198083,0.48477698908912,0.552116978963213,0.852421677907309,0.844469788339403,0.0197516806920319,0.797590374946594,0.556071267657806,0.368950167232086,0.611870827674871,0.885762609375853,1.02990313741896,0.871514623430045,0.989973218176097,0.902812554571362,0.490664360258315,0.372107569376624,0.535688278939986,0.637861765755545,0.823260530895659,0.687415796915694,0.875086938540143,0.663053671518966,0.681997575230071,0.561274274190268,0.413133463859559,0.511414160198633,0.208245009316336,0.534209877120126,0.393151617050165,-0.397111141555012,-0.432554186259641,-0.401359695789875,-0.279326194442486,-0.0667882723343967,-0.0764545380339285,-0.149498943674293,-0.142478272667053,-7.8320335287547e-06,-0.153031169163106,-0.082513898643584,-0.0538151543872286,-0.0912524739550271,-0.168798044079186,-0.234668097651241,-0.165881015630544,-0.22983911438352,-0.167156707469342,-0.0663912381408861,-0.0520331089885717,-0.075494789201787,-0.0901833233520326,-0.145159126188508,-0.102257306648529,-0.152366973887019,-0.121343399123814,-0.116587829260365,-0.0874999183809684,-0.0592159484637682,-0.0732583050837578,-0.0295467927468747,-0.0740737275691604,-0.0541977116536447
7,p628,0.00570107777913381,-0.000453839302060086,-0.00314218044280978,0.238010883331299,0.110889387660558,0.128330830997889,0.246973181830514,0.264752904044257,0.0009312926398404,0.198576829698351,0.110314168930052,0.0698794470893034,0.150889840126035,0.239243019951713,0.233630232016247,0.205797245767381,0.231609901322257,0.246720549795362,0.110946269035337,0.0857747681935657,0.125782149102954,0.154309337933859,0.210394336912367,0.176482026312087,0.279652131398522,0.156609333356222,0.153857769436307,0.115260167651703,0.0782410383224458,0.0970220878389182,0.0386192766825353,0.0995683977339023,0.0730110698276108,0.306641147033415,0.294571639134186,0.260665065253386,0.39957342153164,0.137477896473314,0.157093851884979,0.274915189380234,0.267572417282845,0.00617940747306111,0.270247739193333,0.169913515805703,0.106057433717072,0.177021348395134,0.293815266927961,0.364382318317186,0.283951473533477,0.356949732464173,0.295877974419962,0.138492609948741,0.107682056584225,0.15249789656895,0.182347437954614,0.262360815915247,0.200740124819875,0.280577968835086,0.214988411679128,0.219709605780592,0.17198812127771,0.11988682002325,0.153043368601235,0.0567585967009576,0.155903270192644,0.114093906047294,0.664870141612159,0.658871556917831,0.443493324385749,1.38693021191491,0.548162740071618,0.623880914582145,1.08272503799863,1.06873040835062,0.0216259627872049,1.01383216063181,0.643363502290512,0.41941095934974,0.711270096037119,1.11504312621223,1.29059200180902,1.06767271147834,1.27536535633935,1.14141234185961,0.547583223448854,0.414675792058311,0.603987313906352,0.740547076861063,1.01777336332533,0.819053468704226,1.12734807544285,0.809398776690166,0.833338327407837,0.646683230929902,0.458173121876186,0.57161732885573,0.225004932615491,0.587742682562933,0.438299511273705,0.00610813333961935,-0.000486243317340597,-0.0033665313586973,0.255004802247943,0.118806862845912,0.13749362097606,0.264607006670243,0.283656196705927,0.000997786706782228,0.212755166820526,0.118190573638591,0.0748688225378309,0.161663337844112,0.256324913122007,0.250311373499321,0.220491118832721,0.248146791687407,0.264336336769507,0.118867805536952,0.091899065685233,0.134762963816546,0.165326986959928,0.225416441162251,0.189082799870908,0.299619225252958,0.167791201493491,0.164843176581983,0.123489715460512,0.0838274293420317,0.103949441205205,0.0413766836018186,0.106677557004551,0.0782240423745039
8,p538,0.0367419343524498,-0.0516694439782044,0.00012777752346407,0.369351925849914,0.426593230035567,0.489166870647006,0.408159119817948,0.41628599272834,0.000481062995063391,0.277109390894569,0.150297859509788,0.0962545103496981,0.498871645397609,0.354210694630938,0.361375276247659,0.395769463115268,0.35395647207896,0.394161999490523,0.425711177190147,0.286165813869899,0.524960110452441,0.525868269602459,0.412861763636272,0.509570759137474,0.395364688767326,0.217431327501931,0.212946368853248,0.158842122289866,0.105061307483251,0.132111112806534,0.0520197285546183,0.133858755429583,0.0976826688978422,0.417475575884448,0.340546432079845,0.303258501349244,0.530874609504506,0.244506484569767,0.277776264009517,0.416825371365692,0.410950239505237,0.00613069612109057,0.383681892126132,0.244998227944636,0.152456589414598,0.302300560315852,0.435488701732349,0.497366230121733,0.412458647643852,0.487932733666432,0.437075886557234,0.246418330667722,0.182652927172098,0.276988782154369,0.312971581661483,0.394320769201568,0.333199011906527,0.426238032684355,0.307913916880072,0.316003937561603,0.24638671019678,0.172895109580462,0.220565078971246,0.0808204910950446,0.224615676067783,0.16323398258516,0.806586834854549,0.761651391453213,0.514783914883928,1.69352652867635,1.03702578438653,1.20037322998047,1.46432976934645,1.46906562328338,0.0227085065841663,1.2210689581765,0.727614051500957,0.475509930186803,1.246296971639,1.46704357994927,1.59930578708649,1.40794781049092,1.57542590459188,1.5085868136088,1.04545959949494,0.726832333140905,1.20650801976522,1.32767928335402,1.39326615651449,1.3555308008194,1.48032816939884,0.982394721772934,0.974563332133819,0.746303095817566,0.540078851381942,0.658035537931653,0.265880664189652,0.671763016912671,0.501609576543174,0.0195540030259914,-0.0274984015324096,6.80030086740253e-05,0.196568547710211,0.227032284989827,0.260333883814926,0.217221678843754,0.221546788565993,0.000256021013235925,0.147477207272342,0.0799882981517131,0.0512265077986516,0.265498750558726,0.188510406888527,0.192323386609993,0.210627921902945,0.188375110023017,0.209772432143454,0.226562857772333,0.152297022161932,0.27938299300857,0.279866313962692,0.219724418916489,0.271192803039411,0.210412501594679,0.11571663035304,0.113329742005068,0.0845355421441997,0.0559134721850901,0.0703093385014936,0.027684822465,0.0712394313161955,0.0519865716620323
9,p31,0.246837000317045,0.281485246552365,0.235873965687223,0.323059693972267,0.118360577159457,0.137093337906729,0.228865941365558,0.220997074445086,0.00307491196526306,0.231898793644376,0.141904492908057,0.0910230917400807,0.151018195682099,0.244829470316572,0.297604994244046,0.237262229389617,0.294708336724177,0.246635073026021,0.119739329020179,0.0893506601121689,0.131106897989907,0.15561893463135,0.219586035410561,0.170565366215179,0.233234845797223,0.182869612905714,0.186282766130232,0.144227153460183,0.102619379361469,0.12730675485399,0.0512782828013139,0.130003828472562,0.0951745578977823,0.659019190261775,0.71767096944324,0.626318983883038,0.678591948102066,0.240586169095091,0.275270008704551,0.465459941435762,0.44959323357384,0.00675575876083514,0.467094320301894,0.305518990539012,0.192515816762225,0.307142270669166,0.501161431012521,0.626808976585617,0.489429752774068,0.611491464877215,0.503841637883473,0.243202431142228,0.186076228249308,0.266530048736722,0.315400926111422,0.449124857081572,0.345857350677533,0.472975071598042,0.374988141355623,0.389873995622016,0.307465118502989,0.217593940538192,0.27544528280969,0.102765438662312,0.28090386380401,0.204963258505727,1.65555991066827,1.72567595058018,1.39767737388611,1.51359849558936,0.675340058008828,0.786788781483963,1.18896064387427,1.1643950510025,0.0213489315244857,1.15212373097738,0.820861712031899,0.540168179935883,0.837256824175512,1.25017748249902,1.46208130306668,1.22279150327047,1.42478319909838,1.26749144819048,0.681368980407711,0.497045445442197,0.745336802270678,0.876447525024417,1.15431777265336,0.945735848214895,1.2171924659941,0.952033382521734,1.00064306259155,0.823398378690079,0.622957241270278,0.747911905182733,0.31017780409919,0.764109846750898,0.559222380850052,0.222439141785319,0.253662686663322,0.212559715235457,0.291127833267777,0.106661583031507,0.123542760563809,0.206244377933029,0.19915328542111,0.00277098156978085,0.208977457079168,0.127878371465404,0.0820261888748603,0.136091257786906,0.220630040030558,0.268189126531445,0.213810760200903,0.265578780384238,0.222257173388114,0.107904056324571,0.0805190637050945,0.118148032238084,0.140237250576217,0.19788171628252,0.153706347227001,0.210181451188147,0.164794417778183,0.1678702081705,0.129971455643261,0.0924762764350083,0.114723502784522,0.0462098356563179,0.117153992298964,0.0857673158861424
10,p654,0.786417426268258,0.797126821411982,0.75711963971456,0.308819238874651,0.0920550330479954,0.105010298622976,0.194178555276662,0.186356858147516,0.00116345670488181,0.196712882253862,0.115305511686537,0.0734897226757444,0.121950375768876,0.214765111075506,0.273863536781736,0.2074714952045,0.270694169468352,0.211978351275126,0.0924581485324415,0.0714274946848559,0.102693757481047,0.122995852894251,0.185478111902874,0.137920241885716,0.198538102044003,0.156502792570328,0.156595724423725,0.118734973801504,0.0823150263892252,0.10212426768409,0.0408226686053783,0.10344126701355,0.077224862840443,0.466570385117224,0.460956420010354,0.362947956933386,0.56359842101158,0.213461027777564,0.246085470119238,0.405311164676059,0.392521505184392,0.00748285268796177,0.403944796974614,0.270344601171421,0.170680216908367,0.270463231039156,0.432369608101686,0.530656933843432,0.423587861890239,0.517548617866856,0.436206364452208,0.215549560652439,0.163820982974669,0.235516547666749,0.28121601232903,0.390742549982966,0.305858372623987,0.411764962049853,0.326391499796128,0.341371176254118,0.270748701408377,0.193801855523669,0.244484882173017,0.0923375210508794,0.249112437741054,0.182736275724408,2.3563933719529,2.17650441540612,1.76599080085754,1.41075917773777,0.597165679931642,0.728009317186142,1.05608359972636,1.02054527759552,0.0306599971983204,1.06787354469299,0.728901656998531,0.482136092715791,0.729778709941442,1.15773054705726,1.37377844466103,1.06488965087467,1.33251936965519,1.14454977777269,0.613391276995337,0.440224220487806,0.660464486016167,0.793652910126575,1.00398605611589,0.831980251206296,1.08416107018789,0.871335401005219,0.924472020996937,0.729690417713584,0.548145623736907,0.675430803828768,0.26840338759952,0.681453696886699,0.503369074397618,0.4877286759137,0.494370541847509,0.469558464820026,0.191526781378356,0.0570916638924725,0.0651263975007791,0.120427709880905,0.115576767039647,0.000721564882975213,0.12199947558654,0.0715113916120711,0.0455776333746695,0.0756324736891617,0.133195297762368,0.169847584392205,0.128671865940327,0.167881972655222,0.131466975598935,0.0573416723166273,0.0442986590108878,0.0636897005175825,0.076280868748865,0.115031776900762,0.0855368341414036,0.123131459697982,0.0970615569384456,0.097119192398055,0.0736383116936442,0.0510510035607009,0.0633365083128602,0.0253178343219638,0.0641532988844839,0.0478941321017197
11,p183,0.459779913160536,0.404704549577504,0.417460920015971,0.122297813627454,0.0389591783947427,0.0446604983011853,0.0937556727727268,0.0919012196858758,-0.000596520105994708,0.1519814464781,0.300067653656007,0.161619805759856,0.0537729263305684,0.127924675941469,0.123150713443757,0.0901177835464493,0.124437601831227,0.101612855063544,0.0387791268030778,0.0312521494759488,0.04384141286214,0.0512654818428897,0.0844282695982183,0.0590087837643105,0.104617893960742,0.154442723062301,0.218706128332349,0.254451178444756,0.217811650170218,0.308609098328484,0.100739129384358,0.371615843772888,0.229168424076506,0.472808559068013,0.533969593867218,0.421172221007477,0.589123749280319,0.217816799615301,0.248484286661518,0.422892797296267,0.409133422280794,0.00606386336499195,0.426862726060345,0.324580158397703,0.200888202567084,0.278220230239268,0.45269915437673,0.554252864090044,0.440650268987919,0.541511831250968,0.455967337560215,0.219753760158524,0.168744197189984,0.240777786384303,0.28474747421432,0.406695651547038,0.313060717578552,0.431131980508606,0.350951435000409,0.378636689733741,0.317481784735567,0.233759051115508,0.301214169827983,0.109059245072007,0.311819919298595,0.224974192541859,1.54414356178707,1.79987508561876,1.18066905392541,1.41529259204864,0.677072744369511,0.784223368432784,1.16149124463399,1.13307172722287,0.023130795160931,1.21325608783298,1.08282159275479,0.667698727713692,0.829837693108452,1.23580993811289,1.41017117950652,1.17286263942719,1.36386701954736,1.22174574057262,0.682989209493002,0.498793652852378,0.746226869689089,0.88797229501936,1.1244170278973,0.943079743385319,1.19090838697222,1.02664012273152,1.1390598487854,1.0306679116355,0.803961418469747,1.04182199425168,0.375829548835753,1.12718049420251,0.775188930299549,0.403061742084677,0.354780441931461,0.365963194253681,0.107211229553253,0.034153197789852,0.0391512063324097,0.0821900298739276,0.080564340994519,-0.000522933747709884,0.133233107468581,0.263051489993263,0.141682484598255,0.0471395307698498,0.112143965546801,0.107958916165788,0.0790009084549965,0.109087054782711,0.0890779549253816,0.0339953572532728,0.0273969032815675,0.0384331627760733,0.0449414031125601,0.0740132494948098,0.0517294960078793,0.0917122940477904,0.135390762466949,0.191726673060318,0.22306223548229,0.190942537181466,0.27053926723421,0.0883120115157703,0.32577353879544,0.200898346350388
12,p158,-0.0678259393903957,-0.0950955369737412,-0.0670951837963552,0.292994548479717,0.106076311535309,0.119542491700913,0.242279394467671,0.23869705518087,-0.000514613257516647,0.378707994884916,0.326596438619826,0.173684104813469,0.145046486324736,0.313408781157602,0.299557885064017,0.231215011278788,0.302361379729376,0.260660270584951,0.106443323559229,0.0842896631028915,0.120119588639999,0.143083641793994,0.219489265547855,0.164273724555973,0.270830242898728,0.300995441012911,0.574132675064933,0.314328994750973,0.208269962734648,0.276831595102947,0.0997701104481992,0.285687495867412,0.207514570554095,0.43659493995721,0.373794303195768,0.362311543683633,0.573772315250565,0.191845558107289,0.221461830243612,0.383345792290013,0.37210665437653,0.00647554557987666,0.410701982609203,0.273629900459023,0.165846859663842,0.247643829929993,0.426219371607357,0.522553740367594,0.399882152272257,0.513285610498944,0.414947880227373,0.19324276049701,0.148736870491621,0.213169184242707,0.256581293475583,0.366443052085288,0.281145715579839,0.397232329787996,0.328257093978652,0.368053605449992,0.274386907004814,0.190205422011647,0.243905910811322,0.0896217586226006,0.249717028695623,0.182314564121618,0.714716915554469,0.469251263936364,0.492911099327934,1.50917380015056,0.552913538614909,0.647317927678422,1.12014079782698,1.09046041488648,0.028109631538392,1.27955795076159,0.926936493449745,0.547008411089578,0.72038618511624,1.2637924665875,1.4340283703804,1.11902070681254,1.41285493267907,1.1966052532196,0.562933510144546,0.415808622572158,0.613397676679824,0.74619280073378,1.05039030022091,0.817400790850328,1.1644372399648,1.0287461927202,1.3796373324924,0.907617236243354,0.644628550211593,0.816445768674214,0.304777613745792,0.836561527782017,0.610797711478334,-0.048913402705637,-0.0685791650998358,-0.0483864104815417,0.211296157033013,0.0764980682949432,0.0862093483637034,0.174722380484319,0.172138938135589,-0.000371118862913026,0.273109327023538,0.235528520032566,0.125254152595081,0.104601827271472,0.226018099594731,0.216029377513642,0.166743182032054,0.218051147721063,0.187977946182157,0.0767627429472246,0.0607863934112798,0.0866255280028706,0.103186300913213,0.158287034898436,0.118467756073556,0.195312130651402,0.217066086384498,0.414041928417321,0.226681721484414,0.150196114499675,0.199640070076666,0.0719502838324078,0.20602659777251,0.149651355337322
13,p369,-0.118161364661322,-0.128360869089766,-0.0506784698698234,0.292704450819224,0.0797617408964384,0.0920930486255229,0.187986092567446,0.179658406575523,-0.00045393255021664,0.196075852182174,0.100815162658694,0.0634876330693577,0.11208612124125,0.219315995640224,0.412175222502813,0.205314497947696,0.306372744242348,0.210169427659773,0.0791993485556678,0.0622877158059021,0.0918274842368267,0.111824080679155,0.179199160469901,0.127168788380094,0.196647486156889,0.156138408448963,0.146844776471457,0.107186811765038,0.0697398614883419,0.0870007652706576,0.0370674684312634,0.0890527068244071,0.0659227477179605,0.418824701620479,0.382283975086406,0.383310939834096,0.528498130505661,0.160982417270924,0.185902224121792,0.328228752615368,0.316629486683564,0.00666381491566781,0.333770437352956,0.205729989152273,0.126965767575576,0.208999676566343,0.364486188671221,0.482557168695529,0.351195274244537,0.471449529527664,0.359601010151111,0.161736737669133,0.126044426520425,0.178895835833959,0.215937660797746,0.31590747196347,0.236838126375991,0.339512126956636,0.264602418066685,0.267749872650539,0.207845700129668,0.143762389242412,0.18411733855648,0.06714123388048,0.188388176093483,0.137251246558976,0.560957917107476,0.378089549806383,0.45652399433984,1.6326515505049,0.567852731810675,0.676856099764507,1.10500600867802,1.06875744819641,0.0214324140548712,1.10818859418233,0.649467796749541,0.416797706286111,0.726347205373976,1.21013803429074,1.67088908142513,1.18499648571014,1.528802646531,1.20471856964959,0.566679084036082,0.430664587550694,0.630215556886462,0.771654413011341,1.06148856957753,0.842428789138793,1.13477946705289,0.882336601151366,0.881932815975617,0.67072768847148,0.469424107869465,0.588593148655363,0.232244729995728,0.592955123583472,0.436129994922211,-0.126968567340547,-0.137928295747332,-0.0544558090779128,0.314521289435341,0.0857068128760679,0.0989572393609422,0.201997708148076,0.193049314883602,-0.000487766587119603,0.210690441101487,0.108329459512146,0.0682197081741839,0.120440503319769,0.235662797574476,0.442896860953265,0.220617692876018,0.329208354356253,0.225834486638077,0.0851025024062657,0.0669303546168276,0.0986718810285797,0.120158931463776,0.192555838693185,0.136647362844304,0.211304682033968,0.167776244666945,0.157789908262009,0.115176021930819,0.0749379488387158,0.0934854007112063,0.0398303064216306,0.0956902845164404,0.0708363250280029
14,p523,0.0132679012086641,0.0589731105168683,0.0273979345957433,0.228344283633763,0.293592958980133,0.337736766603257,0.244246226416694,0.248252275254991,-0.000660533375209857,0.168349781566194,0.0943558088938372,0.0583145300547284,0.297111599180432,0.211310221883989,0.220331734816232,0.239743749300637,0.217718791431852,0.235612100495234,0.291913080215457,0.183525497118634,0.440771269268458,0.331645513640509,0.248146238327027,0.308377228313023,0.231145481003658,0.135857836405439,0.132342855665415,0.0980152485105723,0.0643566332923039,0.0823006211386776,0.0312818898095029,0.0840816948148929,0.061293147404989,0.264885764247443,0.277279544609022,0.250917810120096,0.369123886205913,0.138221788544406,0.156230108935096,0.237852022402969,0.230487243455121,0.00434962920112377,0.225016007691579,0.138383516215933,0.085913135931209,0.169138014990277,0.253538866050798,0.326528028305051,0.252647754733603,0.319564617351235,0.257102097093015,0.138283407115963,0.103297258079234,0.162733084930407,0.174802272086721,0.230986459184492,0.185911057610538,0.242655134851577,0.181444745002163,0.181836172977056,0.140463637732244,0.0970051985544784,0.123482777502914,0.0477055287580276,0.126113324647396,0.0926543134674916,0.479240300655363,0.52609652254317,0.399795459641354,1.28069842179617,0.708351981904769,0.817435772154063,0.968091351191205,0.955187740855749,0.0187910175323509,0.890703228314713,0.534998575316536,0.328519335852732,0.80793413268195,0.981490455733407,1.15862930695216,0.994105330573184,1.14620389302572,1.0147610367669,0.700527826415168,0.488137666384382,0.913588430086769,0.853763551712035,0.945716644393073,0.872428143289355,0.967726022932268,0.697487812572056,0.702335095935396,0.540966326395669,0.36343333721161,0.468995010587903,0.182320285373265,0.48039995776282,0.353455755445694,0.0109724489412231,0.048770294101142,0.0226578743479378,0.188838909318643,0.242799045700498,0.279305624065703,0.20198968972527,0.20530266030313,-0.000546255856105645,0.139223932515783,0.0780315046903848,0.0482256532886374,0.24570893320517,0.174751875516417,0.18221259507295,0.198266176903762,0.180051711643046,0.194849336150475,0.241409799301767,0.151774128769652,0.364514339588847,0.274268206235204,0.205214968605726,0.255025519039212,0.191155477299673,0.112353351881327,0.109446490721243,0.0810578321943833,0.0532224246867093,0.0680619601452408,0.0258698744678321,0.0695348939322415,0.0506889461845654
15,p827,0.0420735629399606,0.0143489758173651,0.0163872724109199,0.164210994508529,0.0695355452431567,0.0793145889706081,0.145504540337454,0.144098518159652,-0.00118152777353636,0.21897948477003,0.408854466544261,0.255612828466627,0.0926117489073023,0.176557238896688,0.171506855752732,0.136698377927144,0.17270873334673,0.154523050520153,0.0695684390597896,0.0536512242423177,0.0813948869705216,0.0929792647891558,0.132376251220703,0.10513232284122,0.158922940889993,0.216992896927731,0.304014692306518,0.362823199696009,0.360528336101107,0.564264123704695,0.156029480828181,0.463886533313327,0.31273147688972,0.469408890790342,0.460783020842914,0.430583119601256,0.485723624361988,0.179288274777771,0.201222180408957,0.313845823839109,0.305099880296373,0.00388601264583332,0.311664492442255,0.2461321582786,0.149634168320835,0.221021486579726,0.341233947489578,0.432210520362895,0.331330720880634,0.42452017475344,0.338986010673576,0.179351516793202,0.135108463250333,0.210944736681816,0.226875031705798,0.303236543023779,0.242044937483781,0.324400357434824,0.261548262842772,0.279296380796613,0.240375519528497,0.181395339682416,0.245916413679478,0.0813331048812767,0.239634886583171,0.171742609353696,0.810878392590414,0.811922318140667,0.595318782594468,1.45247766653696,0.577083685663013,0.666602048344082,1.0452701944775,1.03009265104929,0.0181518416934594,1.13555918216705,1.09774517695109,0.68183103561401,0.722315760188636,1.1605412975947,1.38785370641284,1.07812511973911,1.34742120477889,1.12899541166093,0.590093158615964,0.431173809369405,0.66046982765198,0.743660041491189,0.99347614129384,0.800176681412587,1.09703522629208,0.973200971285507,1.12190332306756,1.04308579815758,0.879011228879293,1.23878794987996,0.402075994809472,1.12632180690765,0.789195364316306,0.0328743292328729,0.0112116236946163,0.0128042540450904,0.128306849240088,0.0543318475540784,0.0619727384274673,0.113690494212653,0.112591893743572,-0.000923190961517694,0.171100405445758,0.319459903138862,0.199723999870158,0.0723625220130611,0.137953631552892,0.134007496578216,0.1068097676441,0.134946587944905,0.120737139474409,0.0543575492556257,0.0419205763962879,0.0635981867273708,0.072649681864857,0.103432658447608,0.0821455173413983,0.124175009588074,0.169548177913448,0.23754296969755,0.283493207769253,0.281700107872508,0.440889795890057,0.121914194195997,0.362459405793615,0.244353860580481
16,p280,0.0303143395317916,0.0696156109703924,0.0566108857260836,0.274386303689747,0.076137473848134,0.087050568262734,0.16456429799398,0.157611298561096,0.000956991513573424,0.165503749847413,0.102546465131973,0.0634949318567887,0.101612055036759,0.181481734911601,0.241365831428105,0.178272587988109,0.235824709998237,0.18113020632002,0.0757760657204525,0.0598528962665159,0.0856161679161947,0.100860856903924,0.158175887531708,0.114309080971609,0.170623812145654,0.133685697979398,0.135217688878378,0.103697929382327,0.0712956327862244,0.0912748252020958,0.0350780646006283,0.0934501584370942,0.068126886155867,0.86333515391903,0.875594946311763,0.858842041701218,0.716505195132457,0.195466180231534,0.221322075415459,0.431955766243829,0.413706266990611,0.00384311200767696,0.430447630849764,0.260705527049108,0.162171067939324,0.265170429794755,0.477749980279378,0.631380880090725,0.467776105971857,0.619737458520716,0.477461112781683,0.1949549077176,0.155251518064809,0.220593755370139,0.262763942767864,0.416392127403787,0.298797448242488,0.445433695051869,0.348382783450338,0.347965864382763,0.266421316561552,0.182509909932959,0.232064668453475,0.0887229619773484,0.236887301593619,0.173867668730578,1.31286468823751,1.34015026463403,1.28470861487919,1.23191855218676,0.440249653392371,0.494027865197921,0.864654392666289,0.835615638097124,0.0114481867684333,0.84696090857188,0.579514687326224,0.384377891222634,0.571243025991656,0.933863592677646,1.14416523271137,0.918533504274151,1.11375452836354,0.924602476225957,0.441781215137908,0.345279104974537,0.488700899018184,0.580261097484161,0.827245674663125,0.638534639146592,0.882825934092203,0.700176571740045,0.725798802375792,0.578363369305933,0.435801912943525,0.530784693294102,0.21315679656135,0.539906768269013,0.404855328136016,0.0397304344475119,0.0912392785362194,0.0741950878394354,0.359614862814604,0.0997869312161675,0.114089798735483,0.215680471843821,0.206567765037458,0.00125424763277391,0.216911731731251,0.134398956852652,0.0832174233992385,0.133174304770226,0.237852721968901,0.31633772965321,0.233646765202384,0.309075451631148,0.237392003250303,0.0993132642272961,0.0784441161621441,0.112209851825213,0.132189773072202,0.207307723929293,0.14981522007217,0.223622163251426,0.175210509025609,0.177218359598183,0.135908083412028,0.0934411406798529,0.11962617412782,0.0459738449752226,0.122477198950708,0.0892881331519746
17,p653,0.114153931140898,0.116043075455563,0.108054822815786,0.0406644312540659,0.0288797601064066,0.0318998135460756,0.0544410430060518,0.053386141459149,0.000143573019238631,0.0495561461978456,0.0394293583763992,0.0245237705442617,0.0369169712066676,0.0533131594128057,0.0504295627276089,0.052171089384293,0.0517780558268209,0.0566242763731224,0.0293938917583898,0.0227357896169029,0.0314076084560791,0.0379944970872655,0.0517675436867578,0.0417343044280985,0.0547607707977313,0.0419391955269688,0.0471787966622212,0.0378367402818452,0.0275436835818849,0.0362206368976162,0.0120809184180386,0.0364062028461022,0.02629990842607,0.899405826815833,0.897425525904059,0.865050708894367,0.815853064324217,0.226829542463983,0.255947016773436,0.498608713284766,0.478974258813119,0.00455099935572111,0.497651313385417,0.307983978355988,0.189990664659535,0.30654655225688,0.551228440255609,0.723054173752559,0.537147919639594,0.70921837541005,0.54982596172685,0.226513609991217,0.181630252153709,0.254969716100021,0.304697616996381,0.479817694170594,0.345151761089342,0.515991469936867,0.402999953538367,0.406628701617455,0.313231018486419,0.214751867838871,0.27457494154237,0.101644603362139,0.28084007018825,0.205137538011913,1.62714898718728,1.66138641940223,1.2969155438741,1.38305649969313,0.540173756811356,0.616523402531939,1.0426329723994,1.017784075737,0.0155531062020202,1.07826886918809,0.66938110192617,0.424465211232501,0.688367526266312,1.10975309742821,1.32094082276026,1.04827762391832,1.28526188585493,1.11263987223307,0.549428971078662,0.418377354939778,0.602941502994959,0.722699161635504,0.977580635282727,0.789855262968274,1.06463099267748,0.837142244974771,0.842877603636843,0.670150181982251,0.499877893659807,0.621265869140622,0.239663266605803,0.626183429823982,0.475577086342703,0.384065676001185,0.390421615573515,0.363545505224084,0.136813617566265,0.0971646309256645,0.107325462482438,0.183164397190328,0.17961522922321,0.000483044851266277,0.16672938548211,0.132658271404017,0.082509103436433,0.124205459774353,0.179369684468994,0.169667955416422,0.17552724213558,0.174204898722322,0.190509785917742,0.0988944033347181,0.0764935234500048,0.105669460987515,0.127830746276574,0.174169531108266,0.140413156887545,0.184240106710101,0.141102503610936,0.15873090179114,0.127299980725953,0.0926694626169502,0.121862674865802,0.040645697021264,0.122487003005322,0.0884848380382143
18,p710,-0.0938101161850807,-0.0524873050053938,-0.10283734321594,0.256427624490527,0.191171673668755,0.209731939103866,0.266480036311681,0.273397213088145,0.000596915880841332,0.236541165775724,0.167306109004551,0.0944817913903129,0.29454081694285,0.258202197286814,0.25152707417806,0.248154158062408,0.249582410388519,0.262348775863645,0.189646730952792,0.161073801782399,0.214725886980694,0.235997176700166,0.254977002673678,0.253275739881726,0.291443851259017,0.188549634615577,0.247850863668653,0.167081660694543,0.109186736742658,0.143789195484584,0.0516755310694394,0.148221031824747,0.107637546327378,0.476556396550351,0.521229513479051,0.487355300210304,0.668166978973131,0.216734360824587,0.244768778189131,0.44524944565516,0.430527558995427,0.00454772909453818,0.433152006633676,0.27646004345375,0.170431602353321,0.292100035515523,0.479782492495057,0.605380881726277,0.469629285879082,0.5940876063279,0.4835332541521,0.216602426263967,0.172967104245575,0.243051830431329,0.286943963012098,0.427292281815282,0.321775168071281,0.457459271981663,0.352441527010421,0.366320735322247,0.279181625863349,0.192508609132586,0.245727676585138,0.0931011816016758,0.251219108889346,0.183688882531512,0.508604673014748,1.05944971932305,0.488631574312848,1.76024377610948,0.839889414045544,0.93147539933522,1.4438338804245,1.42667824692197,0.0148026111390891,1.40260340690613,0.937978372573852,0.602804118792214,1.11337781164381,1.492139383422,1.68173265775045,1.43274390697479,1.65260661549038,1.50088024934133,0.837647967338562,0.655220512813997,0.922745777765911,1.07384549617767,1.38202026632097,1.16830220275455,1.50048566765255,1.11609219339159,1.23724211268955,0.947458802858982,0.669491247071164,0.836798536512589,0.33193356725905,0.856050476498076,0.63233426570892,-0.0796268934687609,-0.0445517094966729,-0.0872892871885001,0.217658137182884,0.162268283128804,0.178022407935959,0.226190717225829,0.232062080791752,0.000506667715449684,0.200778327265259,0.142010971312462,0.0801970175895658,0.250008967120755,0.219164410970284,0.213498504794206,0.210635542427863,0.211847856200009,0.222684065182691,0.160973897660286,0.136720931352766,0.182261317040305,0.200316584311203,0.216426835980295,0.214982788401995,0.247380234030857,0.160042672151557,0.210378103343857,0.141820457512917,0.0926787110854465,0.122049597809055,0.0438626682786509,0.125811381446897,0.0913637439456881
19,p331,-0.372529953055913,-0.402667979134452,-0.34768386575911,0.184494601885477,0.0510047716564579,0.0586235475540147,0.129666640493605,0.126903044912547,-7.40914874629696e-05,0.125372407171462,0.0624805121951647,0.0397456497616225,0.0789753410551304,0.145904827647736,0.356858265929752,0.131777677536007,0.18572226100498,0.140739970207216,0.0503642177581766,0.0422080188327361,0.0598750336964895,0.0726277552710674,0.119002417458428,0.0862199174033282,0.149920263290406,0.0984614049063819,0.0967043092515725,0.067797043588423,0.0435092618730299,0.0538409180111356,0.0230223396089345,0.055478022893268,0.0407538832558545,0.907182120876682,0.930416902848941,0.878251848050617,0.966146515346075,0.299844172201059,0.335722635800829,0.633396628410671,0.612482602521998,0.00471973555950915,0.61480371605183,0.376142007879097,0.231990140841115,0.409056527508423,0.689924556581807,0.88415861618539,0.666214788999329,0.858815566291599,0.688982911568486,0.299426913881355,0.241802412440143,0.337064397471529,0.396867369079072,0.604850841438814,0.448965133629741,0.652093898730904,0.496320129607211,0.509050080739315,0.384426038412837,0.261050049934816,0.333751781755592,0.12521796975441,0.340087650683528,0.248157362869933,0.941245542897118,1.12180055777232,0.976508915159435,1.68047685199313,0.688845086097714,0.789916053877938,1.28981499671936,1.26415343072679,0.0168300580978382,1.18767994350857,0.800169870058696,0.497599272727967,0.884767982694839,1.3517769824134,1.80650948550966,1.30430452187856,1.57377169556088,1.37422902584076,0.697924470371667,0.533983961741129,0.765482749409145,0.903877183066477,1.22622275193532,0.972246005270215,1.33507210625542,0.974258821805321,1.02591001033783,0.797110065354239,0.562381085819666,0.712816956308153,0.268634788725109,0.727940762837726,0.524415290620595,-0.40804726145958,-0.44105867143149,-0.380832328012538,0.202084467130473,0.0558676080273875,0.0642127642092469,0.142029163351969,0.1390020843228,-8.11554300767698e-05,0.137325514335842,0.0684374549930546,0.0435350323031004,0.0865049142385217,0.159815512462846,0.390881422949618,0.144341468381203,0.203429172267898,0.154158233317518,0.0551659831999963,0.0462321656421205,0.0655835680573734,0.0795521444684143,0.130348204627973,0.0944401943819502,0.164213783002216,0.107848795249712,0.105924176667539,0.0742608688090098,0.0476574702511313,0.0589741548798794,0.0252173081728227,0.0607673426716165,0.0446393915978588
20,p193,0.178568517896863,0.220899194081622,0.141699731085035,0.672821327315435,0.165452262030709,0.191516233020358,0.598449745708041,0.609815102153354,-0.00173344082302804,0.527899978425768,0.343354454570349,0.211789089838666,0.199205128881669,0.649908598793875,0.655943874518076,0.492107213868033,0.643511193063524,0.631249180899726,0.16582533253564,0.122208731969199,0.189331305291918,0.249492884741887,0.484352659119498,0.315853914684719,0.715934070481192,0.43273984750112,0.451581646071543,0.347565292252434,0.241590385437013,0.30837046729194,0.115896827379862,0.318263897365994,0.232289656533137,0.252209775997417,0.266785051932427,0.235182135040199,0.681085308334966,0.259237959999917,0.294013039165514,0.5209717617583,0.509400075210025,0.0052457345764842,0.50731248849225,0.367158304094612,0.224833261728718,0.336784702530132,0.553551894626189,0.675886217009632,0.524261757591454,0.635302461942032,0.554577537999531,0.260629017360632,0.202093074638799,0.288027830215731,0.343789155892371,0.490617740985592,0.381153575401856,0.540044930410393,0.418163824257162,0.450751056827231,0.36138681339341,0.259085182691146,0.331626216024993,0.121777645947556,0.340801220309318,0.249845771261362,0.9009965745608,1.09087197515699,0.82459803899129,1.95757141749064,0.714020271301273,0.826482604874506,1.67703986485799,1.67337474717034,0.0167123672697258,1.61762382348378,1.11691525300344,0.732903988096453,0.935236505402465,1.77908697181277,1.96052979124917,1.56149217764536,1.88316722499,1.76732755819956,0.702118000984193,0.561170093748302,0.817913370132445,1.04137552367316,1.50184372954898,1.17398021645016,1.83022656334771,1.31929395198822,1.38046412785848,1.11549621105194,0.827986291249594,1.02781234370338,0.413989391326901,1.0490738884608,0.779038166999818,0.0757462209344548,0.0937022906177317,0.0601070068987141,0.285401220262596,0.0701824920847569,0.0812384572025918,0.253853855038161,0.258674877301462,-0.000735300897965237,0.223927648994809,0.145646067296904,0.0898379142044079,0.0844999772706995,0.275681967298826,0.278242045266599,0.208744868267408,0.272968278942301,0.267766908099337,0.0703407432772037,0.0518392027938823,0.0803116419924221,0.105831326774793,0.205455496634889,0.133980730122538,0.303689031615827,0.183562077358418,0.191554499842106,0.147432244642961,0.102479199169483,0.130806358367421,0.0491617828031017,0.135003010436974,0.0985339624911377
21,p277,-0.0955888085895133,-0.0932512701882275,-0.0967989820904207,0.0990602699915549,0.0075061368942289,0.00918850421905584,0.0314932595358925,0.0290777858098369,-0.000539274745515566,0.0363557550642194,0.0139318280749824,0.00942249615987385,0.0142447392145764,0.0419375811682828,0.0676014685630803,0.0409077967537746,0.072906542883977,0.0381368059582165,0.0070291837056447,0.00598923100365521,0.00965296851263991,0.0114379639095739,0.0314920881059432,0.0156059588326339,0.0327516555786127,0.027722946802776,0.0257046508789043,0.0157834349738206,0.0101525915993618,0.0121379990047912,0.00676534122890995,0.0119285705354494,0.00934474468231366,0.624756343089374,0.633388815954724,0.599786247748777,0.778369312649174,0.243704489162667,0.2768911109467,0.509550788679066,0.490282543068477,0.00528366275430233,0.511112847728754,0.334920227836997,0.207673531408109,0.322278613219447,0.555408005371668,0.725175115535284,0.542952019611878,0.697236650514823,0.556529861366821,0.244930853421035,0.19023411297208,0.272431020842783,0.322854969632873,0.490591437477902,0.361822786264007,0.522786789996881,0.416098308711157,0.434817541933202,0.337290828226276,0.235689690016692,0.29984879927706,0.11380124519958,0.30710324118198,0.225410154746879,0.961179131666817,0.80804427411821,0.61025137530433,1.21416617976294,0.433319854736332,0.50295290152232,0.883084992832607,0.850461218621994,0.0227753565046527,0.860938150087989,0.584356360435486,0.386787895096674,0.567335255410931,0.939472626580134,1.19573820087645,0.946449363496562,1.11401707490285,0.937353249655828,0.431641185548564,0.334993632634479,0.482828593783907,0.577832787301809,0.850781296094262,0.62342828962538,0.885100860595699,0.709149448076886,0.74263897207048,0.591600424978466,0.42774510913425,0.530645195113294,0.209059780438743,0.545284246868562,0.399729043642679,-0.388960354284739,-0.379448678408301,-0.393884670432253,0.403086075451767,0.0305432163949925,0.0373889361016983,0.128149200386684,0.118320397934646,-0.00219436249041772,0.147935177545662,0.0566899918917255,0.0383410725446911,0.057963258391351,0.170648182248082,0.275077088525916,0.166457887206074,0.296663962740699,0.15518245049477,0.0286024465083669,0.0243707756948698,0.0392788874343994,0.0465422109576538,0.128144433721896,0.0635021961886891,0.133269738845416,0.112807423477059,0.104594776942549,0.0642243642308655,0.0413119033877073,0.0493907232747887,0.027528845270519,0.0485385380364277,0.0380246940616425
22,p142,-0.34446291261249,-0.342770601908369,-0.351166780259876,0.700126376681857,0.26349880218506,0.297588424152801,0.651085435549415,0.667595276302763,-0.000306609471642232,0.534349766837224,0.296919913291934,0.182758167584736,0.368780913882787,0.670298194355438,0.664195801152125,0.545660924381683,0.660147897402444,0.669957575798035,0.261796191533407,0.209526618851556,0.299727104504903,0.360125683148704,0.549514882299637,0.424445604748194,0.754939913749694,0.424140973091124,0.429833851390415,0.310803657637703,0.204232075479294,0.261058145099214,0.0989407825469967,0.265083557234867,0.193039331965976,0.331785631338412,0.359571789899003,0.302798270848654,0.682594503322117,0.26073414808744,0.295784016417864,0.522745608441327,0.511146909369176,0.00527412844451401,0.509427336436261,0.367854135779749,0.225768194981155,0.338411422845552,0.555589578092664,0.677048198792123,0.525735588687595,0.636599852642379,0.556446010299499,0.262116000806397,0.202933934507607,0.289745020050812,0.346317140829915,0.492324642786049,0.383202798568418,0.542075686591201,0.419498624295052,0.452070406528378,0.362275692991028,0.259834791235407,0.332456133303564,0.122305395082628,0.341422166060441,0.250210997332757,0.715481951236725,0.699062296549478,0.578293178346421,1.98974173863729,0.862871521313984,0.966877979702424,1.73018363634745,1.73163561873966,0.0180189312828887,1.62455712000529,1.07203801472982,0.704521248605516,1.11289969709185,1.79992066754235,1.98934637414085,1.63635440826416,1.90069627920786,1.80652232540978,0.869572410583494,0.650493760638767,0.952139416800605,1.19050672531128,1.56751043319702,1.28507446871863,1.86958137353261,1.31136794037289,1.36125197357602,1.07998403602176,0.791750318739147,0.98176450888316,0.397497473822696,0.99736459996965,0.740985989570618,-0.134432644621565,-0.133772190926417,-0.137048945605018,0.273236499316657,0.102834991911602,0.116139059976626,0.254097418824177,0.260540671416801,-0.000119659680707791,0.208539293139102,0.115878161982403,0.071324554531205,0.143923167702505,0.261595532212295,0.259213967095109,0.212953669162634,0.257634202231263,0.261462599894178,0.102170518482731,0.0817714083562795,0.116973717192849,0.140545313324604,0.214457743291374,0.165647281768442,0.294628435804696,0.165528393964281,0.167750138765421,0.121296534763078,0.0797051206906537,0.101882483021236,0.0386133617632242,0.103453470141398,0.0753369578029443
23,p680,-0.044803487724728,-0.0656329186757402,-0.0251209094789271,0.184810380405848,0.0486467499203183,0.0553978723949833,0.124735322528415,0.123335490226749,0.0237946070565109,0.260621565183007,0.113025254143606,0.0669438637627495,0.0696124256981765,0.157777128749424,0.174172317451903,0.121401515007016,0.171325142118664,0.134264641867743,0.0483389886220287,0.0402070469326467,0.0563919893900582,0.0673277743657436,0.110645709037777,0.0791210063298534,0.140888580216299,0.13824559847514,0.150896815723842,0.112877035140991,0.0787501398722299,0.101929708056979,0.038811551200019,0.106276945008169,0.0779750829272831,0.347957850180397,0.394028138887645,0.333434138967817,0.76523910076813,0.297176533351968,0.339237435424427,0.589371572475689,0.579041198336979,0.00932444701474534,0.60185569260763,0.426576359227876,0.261781866610858,0.383318594477512,0.63080052530906,0.753773771730168,0.588773675945108,0.715278046366242,0.625650071884081,0.299143616233061,0.230613293287969,0.330085907051807,0.392360274693871,0.553176974959085,0.434401647017222,0.614938506597813,0.479943581230353,0.520035921112896,0.418935485077289,0.302804928148338,0.387208225724839,0.143044566633915,0.400325221689313,0.293928610522435,0.680143355528514,0.899287260373434,0.642643325063922,1.73196294731564,0.709848837852483,0.822771148151823,1.37372082127465,1.34942953162724,0.0507868925730364,1.46707170645396,1.04667657905154,0.630281605720519,0.907841244803535,1.45848510742187,1.70031744241714,1.3880331103007,1.63048360559675,1.4467460627026,0.715865973366633,0.550533471107485,0.784818061722653,0.916810724470352,1.30750961144765,1.02981928136614,1.41984698984358,1.14614088535309,1.22155324406094,1.02132765716976,0.732236680454676,0.942370853424073,0.347875087526113,0.978430775006608,0.728372397952612,-0.0686963234125913,-0.100633688063808,-0.0385174058900407,0.283366191051173,0.0745891231957193,0.0849404890484636,0.191254263731271,0.189107927867654,0.0364838119717949,0.399606018176708,0.173299441778818,0.102643734875937,0.106735389411605,0.241916627791866,0.267055054345527,0.186142600972057,0.262689535332673,0.205865385241684,0.074117238734155,0.0616486894172277,0.0864647494592425,0.103232377597389,0.169650931172474,0.121314712661653,0.216021742127407,0.211969309210137,0.231367176559649,0.173072180441439,0.12074607027666,0.156286855011258,0.0595090027312608,0.162952389564839,0.119557690414799
24,p586,-0.19540870613522,-0.271570141050554,-0.265715756416319,0.178630911509193,0.153340050909251,0.18196429464552,0.222250236405266,0.243769383430483,-0.00164080195956583,0.173176187939114,0.152084690199959,0.257304683791266,0.216584338612024,0.185259589619105,0.157704717318217,0.18113397227393,0.174730522367685,0.2065208111869,0.152159797880387,0.115450109905668,0.180848923789127,0.286404174168905,0.200948894818622,0.413463406032985,0.214935818778143,0.158471962610878,0.193763667742407,0.1539562341902,0.182386386659408,0.156537952952915,0.0892837158838887,0.146817563374838,0.115622872246637,0.482369462750697,0.469454453268285,0.439981132230859,0.512265355856221,0.200480354122922,0.23204813806302,0.372546956796005,0.364032088828075,0.00838963885995074,0.389176786811936,0.291827655428742,0.198676922869356,0.256733973938654,0.398779523373679,0.493873110340832,0.381421785140885,0.470615346830101,0.397111669958332,0.202124664352589,0.153781808654243,0.222492074772837,0.274433865019503,0.356440297959216,0.30883450485904,0.382997504860678,0.313837583977761,0.347596065629149,0.285224822375411,0.218239823438467,0.27039997658143,0.102198503609225,0.278715658785905,0.20486252002663,0.671757815678912,0.488418296178182,0.468019450505572,1.56996659437815,0.686300171216324,0.809501556820337,1.28234451240964,1.27984103520711,0.027336683803135,1.32413365999857,0.94530804210239,0.786876771714951,0.945751359727645,1.31339290089078,1.54152690834469,1.25708145883348,1.47476783646477,1.32863977379269,0.674092958768213,0.539553619490732,0.795707076390578,1.06082920498318,1.21516309632195,1.27533670425415,1.29756865183512,1.04282748381296,1.15311664740244,0.936380919350519,0.779484048949342,0.880991092787852,0.373933690918811,0.889692521625093,0.662466114891899,-0.170919896983015,-0.237536706782673,-0.232415999326119,0.156244711901453,0.13412332655559,0.159160352220323,0.194397620567388,0.213219967152945,-0.0014351750617726,0.151473579595692,0.133025288871638,0.225059010504976,0.189441778597546,0.162042677622058,0.137941008724108,0.158434086656102,0.152833123321573,0.180639422219435,0.133090983984488,0.100981789819026,0.158184760724718,0.250511724439649,0.175765783830954,0.361647769759562,0.187999852872977,0.138612102090294,0.169481016401931,0.134662289148329,0.159529547252406,0.136920464404128,0.0780945937514934,0.128418243504257,0.101132901415356
25,p721,0.88057817114724,0.98105893611908,0.934085170427957,-0.24559552881453,-0.0578692250781564,-0.0652159876293614,-0.139722763167489,-0.132876109017265,-0.000491536988154554,-0.161482073465981,-0.103860775629677,-0.063569453557335,-0.0774506860309151,-0.168347811698915,-0.222036458121405,-0.153950619167751,-0.219144736395939,-0.157874077690973,-0.0578989124298099,-0.0464239729775296,-0.0641333315107576,-0.0729840575324143,-0.134346454938254,-0.0754462771945501,-0.147721432050071,-0.129972359869214,-0.137339205212063,-0.10404470072852,-0.0714851045608501,-0.093009872966341,-0.0353552452723158,-0.0960183095931991,-0.069787189695573,0.366149102926173,0.446628464417511,0.363248685140157,0.662447559384792,0.246924977362832,0.281514050831583,0.478493640221162,0.464942623376546,0.00942110869689895,0.507531454082735,0.36595991324516,0.224473305929357,0.31551125379613,0.51604315642263,0.644345319502028,0.495435820076459,0.611561366957077,0.513865022072603,0.248548587125181,0.190432613667243,0.273128712274319,0.324488743132328,0.457612240821735,0.357887998368315,0.491682303589217,0.403043513127615,0.4405987053637,0.358407600339498,0.260847283122599,0.334848590959018,0.122372485774361,0.347993891222171,0.25408610694079,1.86299471166399,2.30626945707533,1.80526857799953,1.17121576944987,0.501731723679441,0.600162390602961,0.931893748707239,0.918837491141424,0.0269861555099453,1.04512527253893,0.776546502113348,0.517147760921048,0.628408301141526,1.0006596771876,1.19777201917437,0.972396232816905,1.12756306966146,0.983642273479035,0.507296209865146,0.378962305386864,0.562010161611767,0.701405740314065,0.88758434984419,0.730012905332778,0.9581238079071,0.823556382921005,0.926383038626774,0.758392936388653,0.57069589243995,0.713091722064547,0.281853771209718,0.735806026988563,0.550714039272727,0.502335941232915,0.559656348780802,0.532859624111869,-0.140102792883125,-0.0330121647351106,-0.0372032098939591,-0.0797064565613312,-0.0758007039892818,-0.000280402925811482,-0.0921193052754115,-0.0592485734856929,-0.0362639256033141,-0.0441826342524328,-0.096035944581842,-0.126663250161113,-0.0878229005861779,-0.125013634258356,-0.090061082606501,-0.0330291002261597,-0.0264830890948117,-0.0365855962644254,-0.0416345946751981,-0.0766394797236337,-0.0430391961881901,-0.0842693891815069,-0.0741442269050385,-0.0783467285232607,-0.0593534956728095,-0.040779499719967,-0.0530585513147911,-0.0201688061245612,-0.054774748574852,-0.0398109046651167
26,p800,0.377652920616996,0.38031812985738,0.377022291819257,0.0783845869700105,0.0613636742697796,0.0723667520946958,0.0932593605253445,0.100164522065053,0.000489410824246756,0.0733942821290762,0.0562513780593852,0.052690754996408,0.0833465221193072,0.0801291932000029,0.0735759573512616,0.079969141218399,0.0776665597491768,0.0889432848824371,0.061217479705813,0.045827227168611,0.0720507817798195,0.107554183536109,0.0858443525102377,0.149543176227147,0.0918576028611902,0.060838452974954,0.0737773328357289,0.0546578486760448,0.0477649905946486,0.0519720474878963,0.0231047301822211,0.0528609085083003,0.0400681988398259,0.367748782511052,0.36601682186156,0.334865082578471,0.670284322118063,0.260271488241235,0.296930963754045,0.501522165862327,0.488922987077302,0.00815424722140592,0.517314564022882,0.380239551487601,0.235971760578537,0.336669119939101,0.533530142580906,0.663878373208856,0.515371944598544,0.623935566952035,0.535904985945459,0.262049086445447,0.202120361348559,0.290300984913738,0.352726191251685,0.480293189878502,0.395627934726787,0.513247809259153,0.415487743766769,0.455742389138608,0.371925893954038,0.271744329984725,0.347594668803286,0.128206069298367,0.360891720318075,0.263387071633951,1.14856611940596,1.20097149478065,1.17591152720981,1.35002225981818,0.585080688794449,0.668991585837475,1.12045425573985,1.10245729075537,0.0293135446972315,1.09143464247386,0.862972876760693,0.596582978566488,0.772953216234839,1.16142991436852,1.36699577569962,1.14893176820543,1.29842529137929,1.17834895292918,0.592393731011285,0.45062385559082,0.666796648237444,0.838438433541192,1.06933400736914,0.940893011622961,1.13269862863752,0.931588623258804,1.04680305904812,0.853812353875902,0.665836914380385,0.803503455056088,0.318674464755588,0.816118969917298,0.608589398066208,0.488952413162077,0.492403096100099,0.488135929413028,0.10148559924039,0.0794483902459459,0.0936942259352695,0.120744172464814,0.129684379765735,0.000633646902960884,0.0950245831560902,0.0728294302633571,0.0682194427749541,0.107909884696037,0.103744364841299,0.0952598005566445,0.103537143346735,0.100555959554911,0.115156090165485,0.0792591101399537,0.0593331392115562,0.0932851348373007,0.139251875769263,0.111143859943255,0.193615600188461,0.118929297601839,0.0787683790358392,0.0955205241568251,0.0707662659267594,0.0618419880819697,0.0672889223116927,0.0299140108849121,0.0684397428592531,0.0518768462899293
27,p123,0.0653364419937154,-0.0391766124301478,0.0152517493565845,-0.0339220062891654,-0.180581939485338,-0.213413923581439,-0.200553698009918,-0.228579384485883,-0.00115873283809849,-0.0627603668636713,-0.0411936601002988,-0.043454805480112,-0.234271558125815,-0.0877898126178295,-0.0662009829945039,-0.143100866211782,-0.0552809556325272,-0.165789119402571,-0.181798265775046,-0.132460673650107,-0.20675010469225,-0.317622894181147,-0.183897797266641,-0.443351998858985,-0.181074517038136,-0.053410343594021,-0.0304494312074447,-0.0422890053855076,-0.0391472164789842,-0.043442851172556,-0.0155202086766561,-0.0441299671596989,-0.0320296139187248,0.701832766151647,0.618129805679109,0.611057465765741,0.803614821660311,0.254758958743347,0.290553199500193,0.532707314660391,0.51506451857812,0.00831745728801362,0.587893390840079,0.425766181725178,0.317088684222274,0.335976943550985,0.602133391432601,0.75906345380157,0.559315264401964,0.725725515223112,0.57951042741346,0.255701920293211,0.19948304475612,0.284756837789134,0.340627367868341,0.5085311106627,0.379308947430438,0.552635089338392,0.479737287184586,0.527395387844153,0.422410161963436,0.330453684595961,0.3940565061325,0.158179266343521,0.404076575893551,0.299158387279383,1.39305610497793,0.990049982600745,1.02737578339047,1.01709960619608,0.272338703473409,0.336906515757242,0.61583475112915,0.57439659224616,0.0191862524880335,0.830038001802237,0.587519804106819,0.42139207045237,0.340046912829081,0.787195918824942,0.992899564107258,0.716644353336761,0.936052699089053,0.703772035704716,0.272064725028144,0.216117300457427,0.304479393959042,0.330243921279909,0.625096764034694,0.226202218797468,0.660986788537762,0.647946427663165,0.761558016141258,0.58285440921783,0.454907755851742,0.540668487019005,0.217741989029776,0.553159281412754,0.408611883057489,0.0743166858549581,-0.0445612878508565,0.0173480439259438,-0.0385844562090526,-0.205402235847214,-0.242746850485085,-0.228119036134334,-0.259996745941431,-0.00131799623136921,-0.0713865390588307,-0.0468555710025394,-0.0494275021597355,-0.266471287060021,-0.0998561863257328,-0.0753000547070684,-0.162769532519942,-0.0628791113831937,-0.188576199267112,-0.206785741529664,-0.150666886218536,-0.235167115196931,-0.361278945209067,-0.209173845588321,-0.50428903406678,-0.205962516299186,-0.0607513908802079,-0.0346345889744576,-0.0481014673045052,-0.0445278515387256,-0.0494139047783639,-0.0176534019519672,-0.0501954622278394,-0.0364319617508775
28,p455,-0.081655184692805,-0.0399204783969425,-0.0356362099117677,0.311780257225035,0.103179454273646,0.133334216011896,0.241274131139123,0.220742970042762,-0.00172130690680724,0.25143360402849,0.191846138106454,0.0980919562445748,0.133055232895748,0.271694593429565,0.308748525513543,0.221496848530243,0.321886568599277,0.252961872948539,0.102902319696212,0.0772798024283488,0.114262464311385,0.134933079613581,0.210935162968103,0.150080307324727,0.23854064358605,0.212380046314666,0.234421247906158,0.181593818134731,0.115593782530894,0.157217890951372,0.0552300733990165,0.163631612459815,0.117505058182614,0.877781374679732,0.902862364143968,0.886013270888321,1.10267129164221,0.332523253185252,0.379404961072303,0.714661785204998,0.686764841808486,0.00872690763719043,0.773155292720635,0.52883837240848,0.31827514660942,0.443457166203119,0.80444208848954,1.02479289764422,0.753948987046195,0.998487021800626,0.780944576239093,0.332488603123203,0.261625836717699,0.37254916630789,0.445026206730359,0.681155750891817,0.500967295873094,0.736931386212709,0.621702641680415,0.690762029970742,0.525222492944572,0.367864343366154,0.47234163061129,0.176571016481957,0.488306468436652,0.356057566841126,0.917583604653679,1.11131528165606,0.916617027388682,1.90717911084493,0.726663170390658,0.83907038741642,1.44576690938738,1.37791865242853,0.0247888045840767,1.48440622859531,1.12133166525099,0.692105353143482,0.921082593599955,1.54890878041585,1.91360989967982,1.44979090107812,1.82389612727695,1.53170331743028,0.725028523868986,0.548882677819989,0.798594083786007,0.953814298311869,1.36429154343075,1.03154666635725,1.45701941596137,1.23490340921614,1.37808936436971,1.10608330461714,0.81045192771488,1.01807908693949,0.384458268483485,1.03801579051547,0.762034787601898,-0.0764184194292546,-0.0373602714075161,-0.0333507645124019,0.291784955921886,0.0965622800662138,0.124783136328706,0.225800576168963,0.206586133314735,-0.0016109148937172,0.235308494905055,0.179542532453466,0.0918010568849343,0.124522045145535,0.254270092897001,0.288947657269053,0.207291663559652,0.301243122532923,0.236738751854108,0.0963029188700282,0.0723236421250769,0.106934507044683,0.126279460533757,0.197407327124631,0.14045525604234,0.223242394479445,0.198759546239919,0.219387186655896,0.169947721166596,0.108180444268081,0.147135087351819,0.0516880211586424,0.153137479755664,0.109969144703302
29,p762,-0.346792773670621,-0.38632561948564,-0.343900592592026,0.29379943847656,0.092701924641928,0.11316719002194,0.218918003506131,0.204680751694576,-0.000314762327407323,0.242850254376727,0.164826338026256,0.0895342201656731,0.122699487474231,0.25894522931841,0.296905280219183,0.209382754431834,0.308148225678336,0.233757909139001,0.0914430867301111,0.0719074625439117,0.102482308281791,0.12546518272824,0.19518335448371,0.13953101581997,0.223765860133701,0.200260894033642,0.218579502105713,0.162206408712598,0.104508064587914,0.139018221961131,0.0502959373262169,0.144208667543199,0.103832105530636,0.782475726345617,0.800953980192919,0.773778514553675,0.882957694722383,0.278001357041985,0.317021193296116,0.586303133864621,0.566054151188113,0.00915409348288723,0.653580516201494,0.458442006756447,0.271806190922385,0.366117032635231,0.663735600832899,0.836492309778851,0.611501236037093,0.806563818751034,0.637943548631831,0.278988717494605,0.219518599690479,0.310175716537834,0.371163721221308,0.557247368072012,0.414083409532648,0.607986380240382,0.519326417707969,0.59118672272512,0.451445215590076,0.315971470981188,0.411092628559326,0.14834646693177,0.426799531996994,0.310924192261873,0.843087395562065,1.16774627102746,0.785014094246762,1.87427613099416,0.716545587115817,0.821012022760179,1.39760246912638,1.35197048929003,0.0289779631296767,1.53049338287777,1.12425071080526,0.664934020042416,0.901873668034874,1.55116191334195,1.84651978810628,1.4062097533544,1.79426232231987,1.50266438378228,0.722885653177897,0.540096903906928,0.792124925189547,0.923837656974797,1.30087783866458,1.00172911114163,1.44079987684886,1.22584726863437,1.37542704794142,1.10006389247047,0.798537569575842,1.00728429688348,0.380924321280581,1.04625002437168,0.761502320501542,-0.296378213690771,-0.330164022145639,-0.293906479771199,0.251088717441782,0.0792254998288006,0.0967156531899443,0.187093076182497,0.174925546810094,-0.000269004152960627,0.207546206412263,0.140864918021074,0.0765182963763308,0.104862204980445,0.221301394769054,0.253743051377123,0.178944001858299,0.263351567888402,0.199775649340688,0.0781496638830814,0.0614540063053396,0.0875840725917559,0.107225840791884,0.166808821682651,0.119246871223617,0.191236181796551,0.171148220355307,0.18680378399418,0.138625857611137,0.0893153371421294,0.11880862412214,0.0429842291777545,0.123244515255597,0.0887376447761565
