junction_id,junction_index,x,y,zone_id
n1,1,138.22,1549.64,30
n2,2,274.23,1504.56,30
n3,3,271.28,1480.96,30
n4,4,186.62,1326.65,13
n5,5,158.93,1233.34,13
n6,6,261.33,1361.98,30
n7,7,369.97,1543.26,30
n8,8,162.65,1181.32,13
n9,9,256.54,1318.85,13
n10,10,361.45,1475.42,30
n11,11,167.14,1118.61,13
n12,12,271.09,1281.28,13
n13,13,170.68,1059.78,13
n14,14,302.24,1279.26,13
n15,15,344.84,1347.41,6
n16,16,336.37,1277.06,13
n17,17,177.12,987.98,9
n18,18,331.16,1227.21,13
n19,19,439.91,1391.07,6
n20,20,325.78,1173.23,13
n21,21,181.22,914.67,9
n22,22,525.83,1490.19,6
n23,23,314.66,1113.15,13
n24,24,393.3,1207.5,13
n25,25,195.95,860.16,9
n26,26,309.66,1037.48,9
n27,27,378.84,1136.18,13
n28,28,305.94,1008.07,9
n29,29,482.97,1314.28,6
n30,30,575.55,1471.84,6
n31,31,361.51,1100.77,13
n32,32,478.09,1296.3,6
n33,33,300.29,964.57,9
n34,34,423.91,1120.35,13
n35,35,292.4,892.5,9
n36,36,525.89,1281.28,6
n37,37,405.03,1063.3,9
n38,38,288.82,853.94,9
n39,39,389.45,1016.1,9
n40,40,370.29,938.65,9
n41,41,566.53,1268.51,24
n42,42,403.76,973.45,9
n43,43,432.65,1003.48,9
n44,44,526.16,1162.06,24
n45,45,460.34,1032.96,9
n46,46,574.86,1216.08,24
n47,47,570.9,1208.08,24
n48,48,617.95,1261.56,24
n49,49,519.13,1067.77,9
n50,50,727,1399.94,24
n51,51,445.94,892.44,9
n52,52,512.28,995.79,9
n53,53,444.76,848.99,9
n54,54,621.8,1124.08,18
n55,55,777.67,1368.09,24
n56,56,566.99,994.58,18
n57,57,609.29,1055,18
n58,58,526.2,889.83,9
n59,59,768.71,1259.78,24
n60,60,716.93,1123.7,18
n61,61,725.87,1121.15,18
n62,62,724.95,1097.08,18
n63,63,761.12,1142.36,18
n64,64,722.95,1058.3,18
n65,65,760.67,1111.34,18
n66,66,722.29,1043.96,18
n67,67,719.53,990.91,18
n68,68,906.24,1259.09,7
n69,69,674.2,852.92,18
n70,70,716.36,917.96,18
n71,71,745.58,918.67,18
n72,72,855.04,1060.67,7
n73,73,856.14,1039.65,7
n74,74,857.37,1016.18,7
n75,75,975.58,1204.22,7
n76,76,861.89,948.46,7
n77,77,954.16,1031.85,7
n78,78,866.29,878.52,12
n79,79,946.9,1007.57,7
n80,80,869.08,831.04,12
n81,81,943.91,956,7
n82,82,1063.35,1140.98,7
n83,83,1042.5,1036.71,7
n84,84,954.19,855.32,12
n85,85,1142.52,1079.08,5
n86,86,1161,1063.44,5
n87,87,1129.13,992.21,5
n88,88,1126.66,943.79,5
n89,89,1097.78,876,5
n90,90,1190.11,1028.08,5
n91,91,1140.09,898.21,5
n92,92,1163.25,905.36,5
n93,93,1292.79,806.64,17
n94,94,280.55,763.35,22
n95,95,226.16,644.61,22
n96,96,215.29,564.74,22
n97,97,331.42,760.19,22
n98,98,281.88,640.91,22
n99,99,208.68,502.81,20
n100,100,329.93,642.47,22
n101,101,290.47,557.11,22
n102,102,275.55,502.64,20
n103,103,313.2,556.67,22
n104,104,171.01,279.19,28
n105,105,332.64,554.96,22
n106,106,274.45,441.94,20
n107,107,314.25,505.08,20
n108,108,163.99,239.76,28
n109,109,314.52,498.03,20
n110,110,415.72,658.53,22
n111,111,458.67,732.35,22
n112,112,417.4,638.33,22
n113,113,384.78,555.06,22
n114,114,240.32,280.96,28
n115,115,465.63,663.63,2
n116,116,256.48,288.69,28
n117,117,538.76,776.66,2
n118,118,182.34,147.27,28
n119,119,246.15,255.65,28
n120,120,424.38,555.28,22
n121,121,194.1,136.42,28
n122,122,441.66,560.52,2
n123,123,375.73,407.03,20
n124,124,474.04,570.36,2
n125,125,323.81,290.36,28
n126,126,203.17,77.03,28
n127,127,270.57,166.58,28
n128,128,515.67,589.07,2
n129,129,659.8,795.05,12
n130,130,557.63,609.69,2
n131,131,283.28,126.16,28
n132,132,424.4,329.23,20
n133,133,623.81,629.64,2
n134,134,382.8,206.77,28
n135,135,362.92,164.59,28
n136,136,513.76,388.27,15
n137,137,430.85,241.21,28
n138,138,601.12,532.38,2
n139,139,373.51,131.03,28
n140,140,768.02,804.56,12
n141,141,686.52,649.74,2
n142,142,491.67,283.43,15
n143,143,635.34,483.62,2
n144,144,827.24,810.58,12
n145,145,698.87,585.63,2
n146,146,699.42,580.32,2
n147,147,556.44,328.41,15
n148,148,588,351.62,15
n149,149,704.16,533.84,2
n150,150,779.88,662.72,12
n151,151,617.83,373.57,15
n152,152,520.55,183.11,15
n153,153,803.43,664.31,12
n154,154,652.08,399.06,15
n155,155,877.85,782.22,12
n156,156,682.2,421.82,15
n157,157,713.2,445.23,15
n158,158,571.03,196.53,15
n159,159,912.7,758.45,12
n160,160,756.81,470.46,16
n161,161,843.12,600.12,12
n162,162,934.43,751.2,12
n163,163,869.24,622.9,12
n164,164,800.83,492.62,16
n165,165,719.47,340.87,15
n166,166,858.56,521.58,16
n167,167,920.7,627.75,12
n168,168,872.72,528.28,16
n169,169,993.5,734.78,12
n170,170,942.22,629.54,12
n171,171,893.49,538.09,16
n172,172,733.72,232.53,15
n173,173,928.9,554.77,16
n174,174,953.71,566.54,11
n175,175,783.83,249.68,16
n176,176,1067.85,732.35,11
n177,177,796.45,254,16
n178,178,1003.16,589.53,11
n179,179,835.46,264.94,16
n180,180,1034.08,604.93,11
n181,181,1056.46,630.41,11
n182,182,1077.3,658.25,11
n183,183,866.5,274.35,16
n184,184,1130.99,718.1,11
n185,185,898.57,277.14,16
n186,186,1090.25,587.4,11
n187,187,1011.43,450.85,16
n188,188,936.66,285.66,16
n189,189,956.08,289.28,16
n190,190,1072.1,487.17,11
n191,191,1204.59,707.94,11
n192,192,1137.55,583.51,11
n193,193,1088.53,487.69,11
n194,194,1107.83,487.78,11
n195,195,1025.24,301.64,16
n196,196,1192.63,581.02,11
n197,197,1113.87,317.46,27
n198,198,1395.96,701,17
n199,199,1185.25,330.18,27
n200,200,1399.8,571.76,8
n201,201,1506.54,582.04,8
n202,202,1508.93,554.08,8
n203,203,1563.84,639.4,8
n204,204,1407.95,353.67,27
n205,205,1612.65,644.21,8
n206,206,1636.63,668.44,8
n207,207,1558.76,511.02,8
n208,208,1629.01,592.81,8
n209,209,1632.35,565.57,8
n210,210,1636.29,517.86,8
n211,211,1672.42,568.34,8
n212,212,1638.94,452,8
n213,213,1699.15,522.98,23
n214,214,1509.62,368.87,8
n215,215,1638.34,378.76,8
n216,216,1701.69,458.21,23
n217,217,1704.52,382.32,23
n218,218,1562.62,897.08,17
n219,219,1558.86,845.7,17
n220,220,1646.61,914.36,3
n221,221,1641.78,845.18,3
n222,222,1641.48,840.68,3
n223,223,1690.26,842.71,3
n224,224,1691.99,782.26,3
n225,225,1757.1,733.69,3
n226,226,1712.94,623.74,8
n227,227,1732.87,611.57,23
n228,228,1904.17,894.73,3
n229,229,1757.58,636.18,23
n230,230,1943.76,949.61,25
n231,231,1746.95,576.21,23
n232,232,1901.18,834.14,3
n233,233,1754.99,555.7,23
n234,234,1774.41,580.5,23
n235,235,1898.19,772.99,14
n236,236,1765.63,499.29,23
n237,237,1793.43,546.2,23
n238,238,1925.46,770.1,14
n239,239,1895.25,717.74,14
n240,240,2004.39,894.55,25
n241,241,1893.1,683.37,14
n242,242,1768.52,456.83,23
n243,243,1797.82,479.88,23
n244,244,1889.11,627.98,14
n245,245,2046.96,894.6,25
n246,246,1771.99,413.95,23
n247,247,1805.93,436.45,23
n248,248,2101.21,945.9,25
n249,249,2103.47,894.66,25
n250,250,2103.63,889.65,25
n251,251,1952.82,622.69,14
n252,252,1998.45,693.21,14
n253,253,1847.97,400.33,23
n254,254,1848.77,391.16,23
n255,255,1982.68,617.48,14
n256,256,1906.63,447.86,23
n257,257,2162.96,890.35,25
n258,258,2055.01,692.25,14
n259,259,2055.32,682.07,14
n260,260,1930.12,446.34,23
n261,261,1925.52,395.4,23
n262,262,2118.18,680.81,14
n263,263,2168.95,737.97,25
n264,264,2080.64,583.4,14
n265,265,2277.74,891.8,25
n266,266,2101.07,568.83,19
n267,267,2167.05,677.06,4
n268,268,2141.65,606.4,19
n269,269,2200.09,674.83,4
n270,270,2093.38,482.16,19
n271,271,2393.77,985.03,21
n272,272,2076.24,402.96,19
n273,273,2198.62,603.33,19
n274,274,2409.17,938.26,21
n275,275,2334.02,792.33,4
n276,276,2160.98,478.77,19
n277,277,2197.04,535.91,19
n278,278,2196.79,519.11,19
n279,279,2196.9,506.88,19
n280,280,2371.48,789.98,4
n281,281,2426.89,885.77,21
n282,282,2429.12,832.94,21
n283,283,2367,724.4,4
n284,284,2347.17,665.86,4
n285,285,2201.82,403.37,19
n286,286,2425.74,786.58,21
n287,287,2538.56,967.69,21
n288,288,2266.76,478.46,19
n289,289,2408.92,721.88,4
n290,290,2342.02,593.81,4
n291,291,2541.76,937.82,21
n292,292,2544.48,918.13,21
n293,293,2405.76,668.93,4
n294,294,2412.43,668.54,4
n295,295,2547.28,884,21
n296,296,2576.89,923.8,21
n297,297,2363.37,519.2,29
n298,298,2682.87,1050.98,26
n299,299,2487.38,664.19,4
n300,300,2719.49,1060.34,26
n301,301,2411.41,522.16,29
n302,302,2411.1,516.74,29
n303,303,2737.79,1065.03,26
n304,304,2673.29,940.08,26
n305,305,2483.71,601.56,29
n306,306,2480.63,546.14,29
n307,307,2687.99,900.08,26
n308,308,2479.41,518.68,29
n309,309,2478.53,499.12,29
n310,310,2476.94,457.71,29
n311,311,2693.1,823.77,1
n312,312,2476.35,445.43,29
n313,313,2483.8,395.24,29
n314,314,2750.64,847.75,1
n315,315,2557.96,493.87,29
n316,316,2754.25,825.67,1
n317,317,2555.67,439.01,29
n318,318,2615.75,537.65,29
n319,319,2811.17,856.43,1
n320,320,2762.66,771.21,1
n321,321,2560.37,398.41,29
n322,322,2764.13,701.69,1
n323,323,2768.23,647.61,1
n324,324,2773.28,581.82,10
n325,325,2772.13,534.16,10
n326,326,2763.89,495.26,10
n327,327,2747.2,434.88,10
n328,328,2769.11,427.91,10
n329,329,2835.43,500.67,10
n330,330,2777.81,365.56,10
n331,331,2820.89,411.44,10
n332,332,603.95,462.8,2
n333,333,569.87,439.74,15
n334,334,536.59,415.93,15
n335,335,1397.95,907.67,17
n336,336,449.24,770.4,22
n337,337,1543.29,586.07,8
n338,338,1521.88,776.43,17
n339,339,1600.13,705.2,8
n340,340,1314.42,947.21,5
n341,341,1391.36,762.78,17
n342,342,1417.76,851.74,17
n343,343,548.48,1153.26,24
n344,344,353.14,1409.75,30
n345,345,424.85,1329.87,6
n346,346,447.73,1192.11,13
n347,347,135.02,1617.66,30
n348,348,179.23,1607.01,30
n349,349,227.11,1590.82,30
n350,350,275.12,1576.83,30
n351,351,318.71,1563.11,30
n352,352,317.84,1489.99,30
n353,353,263.42,1433.65,30
n354,354,308,1421.64,30
n355,355,217.79,1235.65,13
n356,356,265.51,1239.01,13
n357,357,305.24,1353.42,30
n358,358,421.93,1525.57,30
n359,359,473.87,1507.88,6
n360,360,217.03,1178.62,13
n361,361,271.4,1175.93,13
n362,362,413.65,1457.94,6
n363,363,452.68,1442.27,6
n364,364,216.32,1116.79,13
n365,365,265.49,1114.97,13
n366,366,217.01,1052.35,13
n367,367,263.33,1044.91,9
n368,368,384.84,1338.64,6
n369,369,218.18,980.17,9
n370,370,259.23,972.37,9
n371,371,396.53,1400.41,6
n372,372,377.56,1167.44,13
n373,373,236.81,903.59,9
n374,374,515.11,1446.21,6
n375,375,504.4,1402.24,6
n376,376,493.68,1358.26,6
n377,377,312.17,1075.32,13
n378,378,403.81,1248.29,13
n379,379,414.34,1289.08,6
n380,380,354.86,990.76,9
n381,381,563.14,1424.2,6
n382,382,550.73,1376.56,6
n383,383,538.31,1328.92,6
n384,384,462.92,1244.21,6
n385,385,435.83,1156.23,13
n386,386,329.56,896.3,9
n387,387,504.22,1119.03,9
n388,388,482.27,1075.99,9
n389,389,486.95,1177.09,6
n390,390,571.47,1176.46,24
n391,391,626.09,1151.64,24
n392,392,672.85,1137.73,18
n393,393,621.49,1207.6,24
n394,394,672.07,1207.11,24
n395,395,722.66,1206.63,24
n396,396,773.24,1206.15,24
n397,397,823.82,1205.67,24
n398,398,874.41,1205.19,7
n399,399,924.99,1204.71,7
n400,400,668.21,1260.96,24
n401,401,718.46,1260.38,24
n402,402,630.46,1304.15,24
n403,403,659.77,1341.02,24
n404,404,689.25,1388.1,24
n405,405,564.22,1061.39,18
n406,406,486.07,891.14,9
n407,407,519.24,942.81,9
n408,408,673.38,1110.58,18
n409,409,773.19,1313.93,24
n410,410,820.52,1331.76,24
n411,411,863.39,1295.43,24
n412,412,617.83,993.35,18
n413,413,668.68,992.14,18
n414,414,665.79,1049.48,18
n415,415,532.49,833.25,9
n416,416,814.56,1259.54,24
n417,417,860.4,1259.32,24
n418,418,768.31,1084.95,18
n419,419,811.68,1072.8,18
n420,420,811.49,1142.14,18
n421,421,861.86,1141.9,7
n422,422,912.24,1141.67,7
n423,423,962.6,1141.45,7
n424,424,1012.97,1141.21,7
n425,425,767.35,1052.08,18
n426,426,811.74,1045.87,18
n427,427,807.97,1102.08,18
n428,428,854.26,1089.09,7
n429,429,904.62,1077.18,7
n430,430,951.61,1083.25,7
n431,431,998.83,1085.74,7
n432,432,1047.15,1084.17,7
n433,433,1094.8,1083.12,7
n434,434,940.91,1231.66,7
n435,435,670.66,915.81,18
n436,436,904.61,1046.25,7
n437,437,902.13,1011.87,7
n438,438,1019.47,1172.6,7
n439,439,902.9,952.23,7
n440,440,997.91,1021.94,7
n441,441,1041.64,1012.03,7
n442,442,1095.65,988.29,5
n443,443,913.87,891,12
n444,444,956.94,898.18,7
n445,445,911.64,843.18,12
n446,446,996.98,943.75,7
n447,447,1042.54,933.45,5
n448,448,1091.19,922.54,5
n449,449,1102.94,1110.03,7
n450,450,1091.7,1033.83,5
n451,451,1140.9,1030.96,5
n452,452,1001.38,871.34,5
n453,453,1049.92,869.1,5
n454,454,1161.85,955.1,5
n455,455,1194.59,917.99,5
n456,456,1227.32,880.87,5
n457,457,1260.06,843.76,5
n458,458,1066.26,847.65,5
n459,459,1026.06,821.64,5
n460,460,1005.02,789.15,12
n461,461,1231.54,1001.12,5
n462,462,1272.98,974.17,5
n463,463,1252.34,784.51,5
n464,464,1211.89,762.37,11
n465,465,1171.44,740.24,11
n466,466,1334.44,821.68,17
n467,467,1376.1,836.7,17
n468,468,281.22,702.13,22
n469,469,223.12,777.03,22
n470,470,224.62,728.08,22
n471,471,218.8,690.24,22
n472,472,220.72,604.68,22
n473,473,252.89,560.92,22
n474,474,330.68,701.33,22
n475,475,396.98,751.05,22
n476,476,406.25,705.63,22
n477,477,286.18,599.01,22
n478,478,201.14,458.08,20
n479,479,193.61,413.36,20
n480,480,186.07,368.64,20
n481,481,178.54,323.91,20
n482,482,373.67,640.4,22
n483,483,331.29,598.72,22
n484,484,261.18,404.8,20
n485,485,256.04,356.27,20
n486,486,173.17,193.52,28
n487,487,205.07,247.71,28
n488,488,316.84,446.11,20
n489,489,319.16,394.2,20
n490,490,321.48,342.28,20
n491,491,420.9,596.8,22
n492,492,381.77,505.71,20
n493,493,378.74,456.38,20
n494,494,469.84,617,2
n495,495,490.66,626.35,2
n496,496,545.05,721.01,2
n497,497,551.34,665.34,2
n498,498,599.28,785.86,2
n499,499,258.37,211.12,28
n500,500,439.17,506.92,2
n501,501,462.11,467.35,2
n502,502,487.75,428.51,15
n503,503,232.34,151.5,28
n504,504,473.3,512.33,2
n505,505,504.95,464.12,2
n506,506,417.64,392.3,20
n507,507,377.5,356.97,20
n508,508,379.27,306.9,20
n509,509,381.04,256.83,28
n510,510,505.99,526.82,2
n511,511,537.93,483.28,2
n512,512,326.11,243.7,28
n513,513,333.63,191.29,28
n514,514,245.75,90.53,28
n515,515,288.34,104.03,28
n516,516,330.92,117.53,28
n517,517,545.09,546.98,2
n518,518,574.52,504.9,2
n519,519,713.91,799.8,12
n520,520,668.7,746.62,12
n521,521,677.62,698.18,2
n522,522,579.38,571.04,2
n523,523,427.62,285.22,28
n524,524,469.08,358.75,15
n525,525,650,559.01,2
n526,526,422.52,148.38,28
n527,527,471.54,165.75,28
n528,528,771.97,757.28,12
n529,529,775.93,710,12
n530,530,506.12,233.27,15
n531,531,524.06,305.92,15
n532,532,669.76,508.72,2
n533,533,658.77,452.72,15
n534,534,831.22,757.96,12
n535,535,831.65,704.97,12
n536,536,829.95,654.44,12
n537,537,739.65,621.52,12
n538,538,562.29,383.77,15
n539,539,708.69,489.54,2
n540,540,593.86,406.66,15
n541,541,628.02,430.93,15
n542,542,874.98,729.11,12
n543,543,872.11,676.01,12
n544,544,716.34,393.05,15
n545,545,569.39,234.87,15
n546,546,590.31,265.14,15
n547,547,587.32,311.51,15
n548,548,641.12,327.38,15
n549,549,625.26,208.53,15
n550,550,679.49,220.52,15
n551,551,915.36,714.88,12
n552,552,918.04,671.32,12
n553,553,766.72,416.35,16
n554,554,776.63,362.23,16
n555,555,786.54,308.12,16
n556,556,857.92,564.2,12
n557,557,938.32,690.38,12
n558,558,807.76,447.08,16
n559,559,814.69,401.55,16
n560,560,821.61,356.01,16
n561,561,828.53,310.47,16
n562,562,726.6,286.7,15
n563,563,866.55,472.69,16
n564,564,874.56,423.8,16
n565,565,882.56,374.91,16
n566,566,890.57,326.03,16
n567,567,996.72,686.36,11
n568,568,999.93,637.95,11
n569,569,902.12,487.6,16
n570,570,910.75,437.12,16
n571,571,919.39,386.63,16
n572,572,928.03,336.15,16
n573,573,934.34,501.67,16
n574,574,939.77,448.58,16
n575,575,945.21,395.48,16
n576,576,950.64,342.39,16
n577,577,1054.81,679.14,11
n578,578,1099.42,725.23,11
n579,579,1104.15,688.18,11
n580,580,1089.4,537.54,11
n581,581,1016.04,401.12,16
n582,582,1020.63,351.38,16
n583,583,1250.78,703.35,11
n584,584,1302.89,698.44,17
n585,585,1348.76,700.57,17
n586,586,1200.6,665.63,11
n587,587,1196.61,623.33,11
n588,588,1137.02,532.09,11
n589,589,1109.85,431.01,27
n590,590,1111.86,374.23,27
n591,591,1069.56,309.55,16
n592,592,1191.15,530.85,11
n593,593,1189.67,480.69,27
n594,594,1188.2,430.51,27
n595,595,1186.72,380.35,27
n596,596,1244.42,578.71,11
n597,597,1296.22,576.4,27
n598,598,1348.01,574.08,27
n599,599,1446.77,705.8,17
n600,600,1491.26,699.57,17
n601,601,1534.31,677,8
n602,602,1397.24,657.92,17
n603,603,1398.52,614.85,8
n604,604,1229.78,334.88,27
n605,605,1274.33,339.58,27
n606,606,1318.87,344.28,27
n607,607,1363.41,348.97,27
n608,608,1221.67,351.59,27
n609,609,1240.85,404.62,27
n610,610,1258.66,457.29,27
n611,611,1282.94,499.35,27
n612,612,1329.98,513.41,27
n613,613,1369.15,537.26,27
n614,614,1453.18,576.91,8
n615,615,1400.09,519.86,27
n616,616,1398.72,459.98,27
n617,617,1398.51,412.03,27
n618,618,1535.19,610.72,8
n619,619,1509.11,507.78,8
n620,620,1509.28,461.48,8
n621,621,1509.45,415.17,8
n622,622,1458.79,361.27,27
n623,623,1674.79,646.09,8
n624,624,1597.52,514.45,8
n625,625,1586.15,589.44,8
n626,626,1706.96,571.61,23
n627,627,1604.61,905.72,3
n628,628,1507.73,900.61,17
n629,629,1452.84,904.14,17
n630,630,1600.17,843.19,3
n631,631,1540.37,811.06,17
n632,632,1696.13,920.24,3
n633,633,1745.66,926.11,3
n634,634,1795.19,931.98,3
n635,635,1844.71,937.86,3
n636,636,1894.24,943.73,3
n637,637,1639.5,801.7,3
n638,638,1633.64,755.86,3
n639,639,1653.87,715.57,3
n640,640,1701.44,686.96,3
n641,641,1752.66,674.56,3
n642,642,1742.99,840.56,3
n643,643,1795.73,838.42,3
n644,644,1848.45,836.28,3
n645,645,1693.12,888.63,3
n646,646,1742.2,892.35,3
n647,647,1796.56,895.3,3
n648,648,1848.07,895.32,3
n649,649,1743.54,779.95,3
n650,650,1795.1,777.63,3
n651,651,1846.64,775.31,3
n652,652,1694.43,740.22,3
n653,653,1803.15,728.38,3
n654,654,1849.2,723.06,3
n655,655,1755.94,692.12,3
n656,656,1798.11,691.81,3
n657,657,1849.13,690.97,14
n658,658,1954.28,894.64,25
n659,659,1996.25,948.37,25
n660,660,2048.73,947.13,25
n661,661,2008.51,838.17,25
n662,662,2010.38,787.87,14
n663,663,2011.09,725.66,14
n664,664,2048.98,844.01,25
n665,665,2050.98,793.42,25
n666,666,2053,742.84,14
n667,667,1796.76,388.13,23
n668,668,2149.97,952.42,25
n669,669,2200.94,951.41,25
n670,670,2247.08,957.97,25
n671,671,2293.71,965.39,21
n672,672,2343.68,976.6,21
n673,673,1947.14,578.6,14
n674,674,1941.47,534.52,23
n675,675,1935.8,490.43,23
n676,676,1990.57,655.35,14
n677,677,2031.66,600.44,14
n678,678,2220.36,891.08,25
n679,679,2164.96,839.55,25
n680,680,2166.95,788.76,25
n681,681,1975.76,397.91,23
n682,682,2026,400.45,19
n683,683,2101.51,626.53,14
n684,684,2218.47,734.57,4
n685,685,2267.98,731.19,4
n686,686,2317.5,727.79,4
n687,687,2097.23,525.5,19
n688,688,2148.93,543.97,19
n689,689,2249.12,671.84,4
n690,690,2298.14,668.85,4
n691,691,2084.82,442.56,19
n692,692,2441.95,996.02,21
n693,693,2490.13,1007.01,21
n694,694,2538.32,1018,21
n695,695,2586.51,1028.99,26
n696,696,2634.69,1039.98,26
n697,697,2118.1,403.1,19
n698,698,2159.96,403.23,19
n699,699,2246.41,600.15,4
n700,700,2294.22,596.98,4
n701,701,2452.31,948.07,21
n702,702,2495.43,957.88,21
n703,703,2242.12,535.04,19
n704,704,2288.94,530.9,19
n705,705,2335.04,529.47,4
n706,706,2231.84,492.67,19
n707,707,2199.37,455.13,19
n708,708,2487.09,884.88,21
n709,709,2481.92,831.1,21
n710,710,2534.72,829.27,21
n711,711,2587.5,827.44,21
n712,712,2640.3,825.61,1
n713,713,2248.82,402.02,19
n714,714,2295.81,400.66,19
n715,715,2342.81,399.31,19
n716,716,2389.8,397.95,29
n717,717,2436.8,396.6,29
n718,718,2473.87,784.38,21
n719,719,2522,782.19,21
n720,720,2570.13,779.99,1
n721,721,2618.27,777.79,1
n722,722,2666.4,775.59,1
n723,723,2714.53,773.4,1
n724,724,2588.98,979.19,26
n725,725,2646.7,993.94,26
n726,726,2459.66,718.99,4
n727,727,2510.41,716.11,4
n728,728,2561.15,713.22,1
n729,729,2611.89,710.35,1
n730,730,2662.64,707.46,1
n731,731,2713.39,704.58,1
n732,732,2449.91,666.37,4
n733,733,2409.48,622.7,4
n734,734,2405.53,564.31,29
n735,735,2594.19,889.35,21
n736,736,2641.08,894.72,26
n737,737,2625.09,931.94,26
n738,738,2706.11,999.69,26
n739,739,2727.17,950.91,26
n740,740,2740.36,904.38,26
n741,741,2534.19,661.42,29
n742,742,2581,658.66,1
n743,743,2627.82,655.9,1
n744,744,2674.62,653.14,1
n745,745,2721.42,650.38,1
n746,746,2753.41,1018.17,26
n747,747,2771.3,975.8,26
n748,748,2789.58,940.06,26
n749,749,2802.18,898.45,26
n750,750,2412.37,471.08,29
n751,751,2531.97,598.27,29
n752,752,2580.23,594.98,29
n753,753,2628.5,591.7,29
n754,754,2676.76,588.4,10
n755,755,2725.02,585.11,10
n756,756,2525.67,543.31,29
n757,757,2570.71,540.48,29
n758,758,2690.54,861.93,26
n759,759,2518.25,496.5,29
n760,760,2516.01,442.21,29
n761,761,2522.09,396.82,29
n762,762,2612.76,495.03,29
n763,763,2670.96,532.39,10
n764,764,2708.51,543.91,10
n765,765,2814.63,805.61,1
n766,766,2818.1,754.79,1
n767,767,2821.57,703.97,1
n768,768,2825.03,653.13,1
n769,769,2828.5,602.31,10
n770,770,2831.97,551.49,10
n771,771,2614.73,390.2,29
n772,772,2669.1,381.98,10
n773,773,2723.45,373.77,10
n774,774,2828.16,456.05,10
n775,775,2808.79,364.69,10
n776,776,1356.19,927.44,17
n777,777,1561.01,740.81,17
n778,778,1487.17,801.53,17
n779,779,1452.46,826.63,17
n780,780,1487.84,761.07,17
n781,781,1440.88,763,17
n782,782,1404.56,807.26,17
